taxol_uM,cisplatin_uM,doxorubicin_uM,survival_mean,survival_sd
20.0,20.0,20.0,26.271,3.679
20.0,20.0,10.0,27.566,3.679
20.0,20.0,3.3,26.336,3.679
20.0,20.0,1.1,26.682,3.679
20.0,20.0,0.37,26.994,3.679
20.0,20.0,0.123,26.306,3.679
20.0,20.0,0.041,28.454,3.679
20.0,20.0,0.0137,27.947,3.679
20.0,10.0,20.0,18.091,3.679
20.0,10.0,10.0,19.316,3.679
20.0,10.0,3.3,18.638,3.679
20.0,10.0,1.1,19.145,3.679
20.0,10.0,0.37,18.984,3.679
20.0,10.0,0.123,18.748,3.679
20.0,10.0,0.041,19.441,3.679
20.0,10.0,0.0137,19.321,3.679
20.0,3.3,20.0,14.558,3.679
20.0,3.3,10.0,15.075,3.679
20.0,3.3,3.3,14.894,3.679
20.0,3.3,1.1,15.316,3.679
20.0,3.3,0.37,15.562,3.679
20.0,3.3,0.123,15.918,3.679
20.0,3.3,0.041,15.637,3.679
20.0,3.3,0.0137,15.572,3.679
20.0,1.1,20.0,12.004,3.679
20.0,1.1,10.0,12.255,3.679
20.0,1.1,3.3,12.486,3.679
20.0,1.1,1.1,11.467,3.679
20.0,1.1,0.37,11.537,3.679
20.0,1.1,0.123,11.617,3.679
20.0,1.1,0.041,11.773,3.679
20.0,1.1,0.0137,12.26,3.679
20.0,0.37,20.0,12.164,3.679
20.0,0.37,10.0,11.407,3.679
20.0,0.37,3.3,10.262,3.679
20.0,0.37,1.1,9.69,3.679
20.0,0.37,0.37,9.675,3.679
20.0,0.37,0.123,10.659,3.679
20.0,0.37,0.041,9.991,3.679
20.0,0.37,0.0137,10.659,3.679
20.0,0.123,20.0,13.093,3.679
20.0,0.123,10.0,12.014,3.679
20.0,0.123,3.3,13.409,3.679
20.0,0.123,1.1,15.978,3.679
20.0,0.123,0.37,17.519,3.679
20.0,0.123,0.123,16.249,3.679
20.0,0.123,0.041,15.943,3.679
20.0,0.123,0.0137,16.355,3.679
20.0,0.041,20.0,13.018,3.679
20.0,0.041,10.0,13.675,3.679
20.0,0.041,3.3,22.045,3.679
20.0,0.041,1.1,25.975,3.679
20.0,0.041,0.37,23.245,3.679
20.0,0.041,0.123,22.623,3.679
20.0,0.041,0.041,21.825,3.679
20.0,0.041,0.0137,19.958,3.679
20.0,0.0137,20.0,13.113,3.679
20.0,0.0137,10.0,15.115,3.679
20.0,0.0137,3.3,22.879,3.679
20.0,0.0137,1.1,25.563,3.679
20.0,0.0137,0.37,21.423,3.679
20.0,0.0137,0.123,20.806,3.679
20.0,0.0137,0.041,19.351,3.679
20.0,0.0137,0.0137,18.437,3.679
10.0,20.0,20.0,27.386,3.679
10.0,20.0,10.0,30.775,3.679
10.0,20.0,3.3,31.031,3.679
10.0,20.0,1.1,31.626,3.679
10.0,20.0,0.37,31.386,3.679
10.0,20.0,0.123,31.076,3.679
10.0,20.0,0.041,32.182,3.679
10.0,20.0,0.0137,30.936,3.679
10.0,10.0,20.0,21.254,3.679
10.0,10.0,10.0,23.777,3.679
10.0,10.0,3.3,23.662,3.679
10.0,10.0,1.1,23.387,3.679
10.0,10.0,0.37,24.794,3.679
10.0,10.0,0.123,26.541,3.679
10.0,10.0,0.041,26.32,3.679
10.0,10.0,0.0137,23.988,3.679
10.0,3.3,20.0,18.191,3.679
10.0,3.3,10.0,21.395,3.679
10.0,3.3,3.3,22.801,3.679
10.0,3.3,1.1,23.637,3.679
10.0,3.3,0.37,22.991,3.679
10.0,3.3,0.123,22.211,3.679
10.0,3.3,0.041,24.809,3.679
10.0,3.3,0.0137,22.851,3.679
10.0,1.1,20.0,13.996,3.679
10.0,1.1,10.0,14.957,3.679
10.0,1.1,3.3,12.339,3.679
10.0,1.1,1.1,12.169,3.679
10.0,1.1,0.37,11.283,3.679
10.0,1.1,0.123,11.994,3.679
10.0,1.1,0.041,11.994,3.679
10.0,1.1,0.0137,10.883,3.679
10.0,0.37,20.0,13.996,3.679
10.0,0.37,10.0,11.769,3.679
10.0,0.37,3.3,14.412,3.679
10.0,0.37,1.1,17.595,3.679
10.0,0.37,0.37,16.464,3.679
10.0,0.37,0.123,16.414,3.679
10.0,0.37,0.041,17.79,3.679
10.0,0.37,0.0137,16.224,3.679
10.0,0.123,20.0,14.266,3.679
10.0,0.123,10.0,16.419,3.679
10.0,0.123,3.3,29.033,3.679
10.0,0.123,1.1,33.268,3.679
10.0,0.123,0.37,32.257,3.679
10.0,0.123,0.123,33.884,3.679
10.0,0.123,0.041,34.46,3.679
10.0,0.123,0.0137,32.708,3.679
10.0,0.041,20.0,13.12,3.679
10.0,0.041,10.0,22.886,3.679
10.0,0.041,3.3,41.318,3.679
10.0,0.041,1.1,39.611,3.679
10.0,0.041,0.37,31.426,3.679
10.0,0.041,0.123,34.004,3.679
10.0,0.041,0.041,31.381,3.679
10.0,0.041,0.0137,28.868,3.679
10.0,0.0137,20.0,15.703,3.679
10.0,0.0137,10.0,26.055,3.679
10.0,0.0137,3.3,37.924,3.679
10.0,0.0137,1.1,35.666,3.679
10.0,0.0137,0.37,28.207,3.679
10.0,0.0137,0.123,31.301,3.679
10.0,0.0137,0.041,30.45,3.679
10.0,0.0137,0.0137,30.03,3.679
3.3,20.0,20.0,13.529,3.679
3.3,20.0,10.0,11.855,3.679
3.3,20.0,3.3,12.326,3.679
3.3,20.0,1.1,13.745,3.679
3.3,20.0,0.37,14.59,3.679
3.3,20.0,0.123,15.41,3.679
3.3,20.0,0.041,13.868,3.679
3.3,20.0,0.0137,14.255,3.679
3.3,10.0,20.0,17.523,3.679
3.3,10.0,10.0,19.074,3.679
3.3,10.0,3.3,19.112,3.679
3.3,10.0,1.1,19.498,3.679
3.3,10.0,0.37,19.06,3.679
3.3,10.0,0.123,19.767,3.679
3.3,10.0,0.041,19.248,3.679
3.3,10.0,0.0137,20.621,3.679
3.3,3.3,20.0,21.535,3.679
3.3,3.3,10.0,23.091,3.679
3.3,3.3,3.3,25.553,3.679
3.3,3.3,1.1,24.204,3.679
3.3,3.3,0.37,25.048,3.679
3.3,3.3,0.123,25.275,3.679
3.3,3.3,0.041,25.581,3.679
3.3,3.3,0.0137,24.002,3.679
3.3,1.1,20.0,27.529,3.679
3.3,1.1,10.0,27.727,3.679
3.3,1.1,3.3,31.16,3.679
3.3,1.1,1.1,30.584,3.679
3.3,1.1,0.37,31.428,3.679
3.3,1.1,0.123,31.221,3.679
3.3,1.1,0.041,30.829,3.679
3.3,1.1,0.0137,32.937,3.679
3.3,0.37,20.0,11.793,3.679
3.3,0.37,10.0,12.802,3.679
3.3,0.37,3.3,22.03,3.679
3.3,0.37,1.1,32.687,3.679
3.3,0.37,0.37,32.466,3.679
3.3,0.37,0.123,31.042,3.679
3.3,0.37,0.041,29.811,3.679
3.3,0.37,0.0137,30.466,3.679
3.3,0.123,20.0,15.146,3.679
3.3,0.123,10.0,31.032,3.679
3.3,0.123,3.3,53.704,3.679
3.3,0.123,1.1,69.444,3.679
3.3,0.123,0.37,68.803,3.679
3.3,0.123,0.123,67.421,3.679
3.3,0.123,0.041,66.299,3.679
3.3,0.123,0.0137,69.039,3.679
3.3,0.041,20.0,18.329,3.679
3.3,0.041,10.0,44.169,3.679
3.3,0.041,3.3,69.251,3.679
3.3,0.041,1.1,78.889,3.679
3.3,0.041,0.37,76.286,3.679
3.3,0.041,0.123,76.329,3.679
3.3,0.041,0.041,71.802,3.679
3.3,0.041,0.0137,68.242,3.679
3.3,0.0137,20.0,20.522,3.679
3.3,0.0137,10.0,44.471,3.679
3.3,0.0137,3.3,65.37,3.679
3.3,0.0137,1.1,66.935,3.679
3.3,0.0137,0.37,65.823,3.679
3.3,0.0137,0.123,63.446,3.679
3.3,0.0137,0.041,62.008,3.679
3.3,0.0137,0.0137,61.357,3.679
1.1,20.0,20.0,12.812,3.679
1.1,20.0,10.0,11.756,3.679
1.1,20.0,3.3,12.732,3.679
1.1,20.0,1.1,15.674,3.679
1.1,20.0,0.37,16.858,3.679
1.1,20.0,0.123,18.692,3.679
1.1,20.0,0.041,18.074,3.679
1.1,20.0,0.0137,16.537,3.679
1.1,10.0,20.0,15.17,3.679
1.1,10.0,10.0,16.495,3.679
1.1,10.0,3.3,16.91,3.679
1.1,10.0,1.1,17.207,3.679
1.1,10.0,0.37,17.504,3.679
1.1,10.0,0.123,17.207,3.679
1.1,10.0,0.041,17.329,3.679
1.1,10.0,0.0137,16.806,3.679
1.1,3.3,20.0,23.459,3.679
1.1,3.3,10.0,24.501,3.679
1.1,3.3,3.3,25.228,3.679
1.1,3.3,1.1,25.685,3.679
1.1,3.3,0.37,26.633,3.679
1.1,3.3,0.123,26.769,3.679
1.1,3.3,0.041,26.128,3.679
1.1,3.3,0.0137,26.218,3.679
1.1,1.1,20.0,31.716,3.679
1.1,1.1,10.0,32.381,3.679
1.1,1.1,3.3,33.164,3.679
1.1,1.1,1.1,33.904,3.679
1.1,1.1,0.37,32.81,3.679
1.1,1.1,0.123,32.008,3.679
1.1,1.1,0.041,33.159,3.679
1.1,1.1,0.0137,32.8,3.679
1.1,0.37,20.0,11.958,3.679
1.1,0.37,10.0,18.268,3.679
1.1,0.37,3.3,37.346,3.679
1.1,0.37,1.1,50.257,3.679
1.1,0.37,0.37,49.597,3.679
1.1,0.37,0.123,52.865,3.679
1.1,0.37,0.041,51.879,3.679
1.1,0.37,0.0137,49.536,3.679
1.1,0.123,20.0,16.848,3.679
1.1,0.123,10.0,39.581,3.679
1.1,0.123,3.3,65.959,3.679
1.1,0.123,1.1,73.971,3.679
1.1,0.123,0.37,73.372,3.679
1.1,0.123,0.123,78.898,3.679
1.1,0.123,0.041,76.079,3.679
1.1,0.123,0.0137,72.141,3.679
1.1,0.041,20.0,16.504,3.679
1.1,0.041,10.0,44.537,3.679
1.1,0.041,3.3,60.966,3.679
1.1,0.041,1.1,71.641,3.679
1.1,0.041,0.37,65.271,3.679
1.1,0.041,0.123,74.381,3.679
1.1,0.041,0.041,70.727,3.679
1.1,0.041,0.0137,67.171,3.679
1.1,0.0137,20.0,17.98,3.679
1.1,0.0137,10.0,38.869,3.679
1.1,0.0137,3.3,52.667,3.679
1.1,0.0137,1.1,62.781,3.679
1.1,0.0137,0.37,56.793,3.679
1.1,0.0137,0.123,97.656,3.679
1.1,0.0137,0.041,86.123,3.679
1.1,0.0137,0.0137,80.11,3.679
0.37,20.0,20.0,16.558,3.679
0.37,20.0,10.0,15.305,3.679
0.37,20.0,3.3,14.079,3.679
0.37,20.0,1.1,13.855,3.679
0.37,20.0,0.37,14.835,3.679
0.37,20.0,0.123,13.899,3.679
0.37,20.0,0.041,14.589,3.679
0.37,20.0,0.0137,14.929,3.679
0.37,10.0,20.0,13.662,3.679
0.37,10.0,10.0,11.634,3.679
0.37,10.0,3.3,16.048,3.679
0.37,10.0,1.1,19.343,3.679
0.37,10.0,0.37,20.484,3.679
0.37,10.0,0.123,20.18,3.679
0.37,10.0,0.041,21.393,3.679
0.37,10.0,0.0137,21.205,3.679
0.37,3.3,20.0,24.706,3.679
0.37,3.3,10.0,25.203,3.679
0.37,3.3,3.3,26.863,3.679
0.37,3.3,1.1,26.716,3.679
0.37,3.3,0.37,27.101,3.679
0.37,3.3,0.123,26.922,3.679
0.37,3.3,0.041,27.333,3.679
0.37,3.3,0.0137,26.796,3.679
0.37,1.1,20.0,29.043,3.679
0.37,1.1,10.0,31.926,3.679
0.37,1.1,3.3,33.032,3.679
0.37,1.1,1.1,32.002,3.679
0.37,1.1,0.37,34.093,3.679
0.37,1.1,0.123,32.293,3.679
0.37,1.1,0.041,33.233,3.679
0.37,1.1,0.0137,32.499,3.679
0.37,0.37,20.0,13.922,3.679
0.37,0.37,10.0,22.942,3.679
0.37,0.37,3.3,45.212,3.679
0.37,0.37,1.1,56.43,3.679
0.37,0.37,0.37,55.683,3.679
0.37,0.37,0.123,55.857,3.679
0.37,0.37,0.041,56.945,3.679
0.37,0.37,0.0137,56.001,3.679
0.37,0.123,20.0,20.435,3.679
0.37,0.123,10.0,43.516,3.679
0.37,0.123,3.3,64.555,3.679
0.37,0.123,1.1,64.6,3.679
0.37,0.123,0.37,72.635,3.679
0.37,0.123,0.123,72.882,3.679
0.37,0.123,0.041,73.338,3.679
0.37,0.123,0.0137,62.487,3.679
0.37,0.041,20.0,23.372,3.679
0.37,0.041,10.0,46.493,3.679
0.37,0.041,3.3,62.626,3.679
0.37,0.041,1.1,68.154,3.679
0.37,0.041,0.37,67.774,3.679
0.37,0.041,0.123,65.979,3.679
0.37,0.041,0.041,69.179,3.679
0.37,0.041,0.0137,67.384,3.679
0.37,0.0137,20.0,23.501,3.679
0.37,0.0137,10.0,44.671,3.679
0.37,0.0137,3.3,61.135,3.679
0.37,0.0137,1.1,79.695,3.679
0.37,0.0137,0.37,96.007,3.679
0.37,0.0137,0.123,87.399,3.679
0.37,0.0137,0.041,89.61,3.679
0.37,0.0137,0.0137,90.367,3.679
0.123,20.0,20.0,16.245,3.679
0.123,20.0,10.0,15.65,3.679
0.123,20.0,3.3,14.199,3.679
0.123,20.0,1.1,14.763,3.679
0.123,20.0,0.37,15.278,3.679
0.123,20.0,0.123,14.522,3.679
0.123,20.0,0.041,14.611,3.679
0.123,20.0,0.0137,14.822,3.679
0.123,10.0,20.0,12.503,3.679
0.123,10.0,10.0,11.536,3.679
0.123,10.0,3.3,16.63,3.679
0.123,10.0,1.1,20.972,3.679
0.123,10.0,0.37,23.537,3.679
0.123,10.0,0.123,22.297,3.679
0.123,10.0,0.041,24.965,3.679
0.123,10.0,0.0137,24.5,3.679
0.123,3.3,20.0,23.985,3.679
0.123,3.3,10.0,25.547,3.679
0.123,3.3,3.3,28.157,3.679
0.123,3.3,1.1,26.899,3.679
0.123,3.3,0.37,27.669,3.679
0.123,3.3,0.123,27.365,3.679
0.123,3.3,0.041,27.468,3.679
0.123,3.3,0.0137,27.503,3.679
0.123,1.1,20.0,31.246,3.679
0.123,1.1,10.0,32.553,3.679
0.123,1.1,3.3,31.81,3.679
0.123,1.1,1.1,32.736,3.679
0.123,1.1,0.37,34.379,3.679
0.123,1.1,0.123,34.455,3.679
0.123,1.1,0.041,35.758,3.679
0.123,1.1,0.0137,35.275,3.679
0.123,0.37,20.0,15.489,3.679
0.123,0.37,10.0,24.809,3.679
0.123,0.37,3.3,46.537,3.679
0.123,0.37,1.1,57.688,3.679
0.123,0.37,0.37,62.254,3.679
0.123,0.37,0.123,60.227,3.679
0.123,0.37,0.041,63.835,3.679
0.123,0.37,0.0137,61.202,3.679
0.123,0.123,20.0,20.252,3.679
0.123,0.123,10.0,43.364,3.679
0.123,0.123,3.3,64.479,3.679
0.123,0.123,1.1,72.147,3.679
0.123,0.123,0.37,70.545,3.679
0.123,0.123,0.123,72.156,3.679
0.123,0.123,0.041,70.24,3.679
0.123,0.123,0.0137,74.882,3.679
0.123,0.041,20.0,20.919,3.679
0.123,0.041,10.0,46.045,3.679
0.123,0.041,3.3,60.795,3.679
0.123,0.041,1.1,68.257,3.679
0.123,0.041,0.37,70.487,3.679
0.123,0.041,0.123,80.098,3.679
0.123,0.041,0.041,80.433,3.679
0.123,0.041,0.0137,71.351,3.679
0.123,0.0137,20.0,22.033,3.679
0.123,0.0137,10.0,44.402,3.679
0.123,0.0137,3.3,59.022,3.679
0.123,0.0137,1.1,60.634,3.679
0.123,0.0137,0.37,62.55,3.679
0.123,0.0137,0.123,84.861,3.679
0.123,0.0137,0.041,81.561,3.679
0.123,0.0137,0.0137,75.429,3.679
0.041,20.0,20.0,16.451,3.679
0.041,20.0,10.0,16.024,3.679
0.041,20.0,3.3,16.301,3.679
0.041,20.0,1.1,16.141,3.679
0.041,20.0,0.37,16.918,3.679
0.041,20.0,0.123,16.68,3.679
0.041,20.0,0.041,15.82,3.679
0.041,20.0,0.0137,16.854,3.679
0.041,10.0,20.0,12.712,3.679
0.041,10.0,10.0,12.853,3.679
0.041,10.0,3.3,18.117,3.679
0.041,10.0,1.1,23.138,3.679
0.041,10.0,0.37,25.274,3.679
0.041,10.0,0.123,28.008,3.679
0.041,10.0,0.041,24.988,3.679
0.041,10.0,0.0137,23.939,3.679
0.041,3.3,20.0,24.308,3.679
0.041,3.3,10.0,27.921,3.679
0.041,3.3,3.3,28.848,3.679
0.041,3.3,1.1,29.552,3.679
0.041,3.3,0.37,31.519,3.679
0.041,3.3,0.123,30.863,3.679
0.041,3.3,0.041,31.116,3.679
0.041,3.3,0.0137,30.154,3.679
0.041,1.1,20.0,33.694,3.679
0.041,1.1,10.0,34.724,3.679
0.041,1.1,3.3,35.068,3.679
0.041,1.1,1.1,36.074,3.679
0.041,1.1,0.37,36.938,3.679
0.041,1.1,0.123,39.322,3.679
0.041,1.1,0.041,36.953,3.679
0.041,1.1,0.0137,36.928,3.679
0.041,0.37,20.0,13.965,3.679
0.041,0.37,10.0,25.804,3.679
0.041,0.37,3.3,56.57,3.679
0.041,0.37,1.1,66.393,3.679
0.041,0.37,0.37,72.065,3.679
0.041,0.37,0.123,73.687,3.679
0.041,0.37,0.041,62.125,3.679
0.041,0.37,0.0137,62.868,3.679
0.041,0.123,20.0,24.463,3.679
0.041,0.123,10.0,49.116,3.679
0.041,0.123,3.3,77.921,3.679
0.041,0.123,1.1,71.171,3.679
0.041,0.123,0.37,86.656,3.679
0.041,0.123,0.123,81.635,3.679
0.041,0.123,0.041,80.033,3.679
0.041,0.123,0.0137,76.246,3.679
0.041,0.041,20.0,28.542,3.679
0.041,0.041,10.0,50.66,3.679
0.041,0.041,3.3,74.463,3.679
0.041,0.041,1.1,76.503,3.679
0.041,0.041,0.37,78.11,3.679
0.041,0.041,0.123,77.828,3.679
0.041,0.041,0.041,74.143,3.679
0.041,0.041,0.0137,71.919,3.679
0.041,0.0137,20.0,27.154,3.679
0.041,0.0137,10.0,47.897,3.679
0.041,0.0137,3.3,69.098,3.679
0.041,0.0137,1.1,78.698,3.679
0.041,0.0137,0.37,84.355,3.679
0.041,0.0137,0.123,81.621,3.679
0.041,0.0137,0.041,88.113,3.679
0.041,0.0137,0.0137,91.969,3.679
0.0137,20.0,20.0,16.217,3.679
0.0137,20.0,10.0,15.272,3.679
0.0137,20.0,3.3,15.922,3.679
0.0137,20.0,1.1,17.026,3.679
0.0137,20.0,0.37,17.129,3.679
0.0137,20.0,0.123,17.227,3.679
0.0137,20.0,0.041,15.805,3.679
0.0137,20.0,0.0137,15.81,3.679
0.0137,10.0,20.0,10.74,3.679
0.0137,10.0,10.0,12.269,3.679
0.0137,10.0,3.3,16.32,3.679
0.0137,10.0,1.1,22.723,3.679
0.0137,10.0,0.37,23.472,3.679
0.0137,10.0,0.123,21.984,3.679
0.0137,10.0,0.041,26.152,3.679
0.0137,10.0,0.0137,21.661,3.679
0.0137,3.3,20.0,25.039,3.679
0.0137,3.3,10.0,26.708,3.679
0.0137,3.3,3.3,29.239,3.679
0.0137,3.3,1.1,27.953,3.679
0.0137,3.3,0.37,28.589,3.679
0.0137,3.3,0.123,29.683,3.679
0.0137,3.3,0.041,27.971,3.679
0.0137,3.3,0.0137,27.578,3.679
0.0137,1.1,20.0,32.761,3.679
0.0137,1.1,10.0,34.323,3.679
0.0137,1.1,3.3,34.716,3.679
0.0137,1.1,1.1,36.166,3.679
0.0137,1.1,0.37,35.521,3.679
0.0137,1.1,0.123,35.989,3.679
0.0137,1.1,0.041,34.969,3.679
0.0137,1.1,0.0137,34.641,3.679
0.0137,0.37,20.0,13.92,3.679
0.0137,0.37,10.0,27.466,3.679
0.0137,0.37,3.3,57.22,3.679
0.0137,0.37,1.1,62.51,3.679
0.0137,0.37,0.37,68.137,3.679
0.0137,0.37,0.123,71.514,3.679
0.0137,0.37,0.041,63.59,3.679
0.0137,0.37,0.0137,61.378,3.679
0.0137,0.123,20.0,22.517,3.679
0.0137,0.123,10.0,51.284,3.679
0.0137,0.123,3.3,75.345,3.679
0.0137,0.123,1.1,73.834,3.679
0.0137,0.123,0.37,75.294,3.679
0.0137,0.123,0.123,76.875,3.679
0.0137,0.123,0.041,68.011,3.679
0.0137,0.123,0.0137,72.988,3.679
0.0137,0.041,20.0,24.669,3.679
0.0137,0.041,10.0,46.307,3.679
0.0137,0.041,3.3,69.648,3.679
0.0137,0.041,1.1,73.058,3.679
0.0137,0.041,0.37,70.148,3.679
0.0137,0.041,0.123,71.64,3.679
0.0137,0.041,0.041,72.978,3.679
0.0137,0.041,0.0137,66.818,3.679
0.0137,0.0137,20.0,23.78,3.679
0.0137,0.0137,10.0,47.341,3.679
0.0137,0.0137,3.3,68.843,3.679
0.0137,0.0137,1.1,72.113,3.679
0.0137,0.0137,0.37,68.114,3.679
0.0137,0.0137,0.123,66.851,3.679
0.0137,0.0137,0.041,58.894,3.679
0.0137,0.0137,0.0137,60.335,3.679
