mg_glutamate_mM,k_glutamate_mM,amino_acids_mM,spermidine_mM,creatine_phosphate_mM,ntps_mM,gfp11_cole1_nM,gfp1_10_nM,peg8000_pct,yield_mean,yield_sd,n
0.0,5.6122,0.2727,0.5357,92.5532,0.8036,2.907,1.8548,1.1364,0.44147699626966536,0.05584774017901251,3
0.0,5.6122,0.5795,0.0,98.9362,0.2679,1.0465,3.871,0.4167,0.382152060694527,0.07100150780599152,3
0.0,5.6122,0.7159,0.8929,57.4468,1.6071,2.907,3.0645,0.6439,0.37433097259014964,0.021489636993324217,3
0.0,11.2245,1.875,1.0714,6.383,0.5357,2.2093,3.0645,0.2273,0.2906417256852463,0.02055115020140983,3
0.0,22.449,1.0909,0.7143,79.7872,1.3393,1.5116,3.3065,1.8939,0.3662936332017803,0.04863257515802283,3
0.0,28.0612,0.5455,1.25,44.6809,1.3393,4.8837,1.8548,2.4242,0.7129985042619523,0.34456382545968506,3
0.0,44.898,1.0909,0.7143,146.8085,0.0,0.1163,0.7258,0.6818,0.011587464633904634,0.00197187299789809,3
0.0,50.5102,1.8068,0.7143,134.0426,0.0,3.0233,0.6452,0.5682,0.000324376925988,0.0010937983388652438,3
0.0,89.7959,1.0909,0.1786,35.1064,1.3393,1.9767,4.8387,0.6818,1.2063577877493632,0.019106624970449643,3
0.0,134.6939,0.4091,1.25,86.1702,1.3393,3.1395,1.8548,2.2727,1.423690328161327,0.21473943280157548,3
0.0,134.6939,1.5,1.0714,44.6809,0.0,0.2326,2.6613,2.0076,0.144888360274639,0.03633610153804769,3
0.0,140.3061,0.4091,0.1786,12.766,1.0714,0.4651,2.7419,2.0076,1.0924474239065813,0.21471627947847174,3
0.0,145.9184,1.2273,1.0714,63.8298,0.8036,1.3953,3.3065,0.8712,0.3906399235912133,0.16875204487031906,3
0.0,151.5306,0.0682,1.25,44.6809,1.6071,2.2093,4.1129,1.0606,1.2417869564433899,0.20552065367996236,3
0.0,162.7551,0.7841,1.0714,79.7872,1.6071,0.9302,3.0645,1.7045,1.1353012200176587,0.15007586904644418,3
0.0,168.3673,0.1705,0.3571,25.5319,1.3393,0.3488,3.3065,2.2348,1.5694076516912634,0.2816471260221083,3
0.0,185.2041,1.0568,1.25,15.9574,1.3393,3.1395,3.871,0.9091,1.9800327981114065,0.5881157257528864,3
0.0,224.4898,0.0341,0.3571,76.5957,0.0,3.1395,4.2742,2.0455,0.14159052819376133,0.04678550216745249,3
0.0,235.7143,0.0341,0.7143,41.4894,0.5357,3.9535,0.8871,2.0455,0.07893171865707967,0.044229214256962364,3
0.0,263.7755,0.4432,0.5357,140.4255,1.6071,3.0233,4.5968,0.4167,0.027662143410643134,0.017823028860225364,3
0.0,263.7755,1.875,0.0,38.2979,0.2679,4.8837,1.6129,1.8939,0.14384314573534465,0.012291060780312455,3
0.0,275.0,0.2727,0.5357,76.5957,1.3393,4.5349,3.4677,2.5,1.0850768593105202,0.3860079778244442,3
0.3125,0.0,0.7159,0.0,41.4894,1.0714,2.2093,1.2097,2.3485,0.278982177290011,0.05722141201379906,3
0.3125,5.6122,1.8409,0.3571,9.5745,0.5357,4.3023,4.3548,1.8182,0.2801895802923,0.027097340800592604,3
0.3125,22.449,1.0227,0.8929,89.3617,0.5357,0.4651,4.1129,0.8712,0.04604350254996307,0.015078681941470785,3
0.3125,33.6735,0.1705,1.0714,102.1277,0.8036,2.2093,3.2258,2.4242,1.1269575246436376,0.820453506857815,3
0.3125,39.2857,1.3295,1.0714,134.0426,1.6071,4.186,1.5323,2.4621,0.20975,0.0947817668823141,4
0.3125,89.7959,0.4773,1.25,57.4468,0.5357,4.8837,2.9839,2.1212,0.768394874844569,0.18157280200016968,3
0.3125,112.2449,0.9886,1.25,31.9149,1.875,2.4419,3.4677,2.4621,1.9578,0.4572610851581402,5
0.3125,112.2449,1.2273,0.7143,41.4894,1.6071,3.3721,4.9194,1.6667,1.7726,0.8674475776668006,5
0.3125,112.2449,1.2273,1.0714,6.383,1.6071,1.1628,2.9032,1.553,1.19808617613667,0.13142217361437655,3
0.3125,112.2449,1.7386,1.0714,12.766,1.6071,4.6512,4.8387,0.0758,1.364,0.6207894167912337,5
0.3125,123.4694,0.4432,0.8929,28.7234,1.6071,2.4419,2.4194,1.3258,1.0072444180137332,0.1883087474137468,3
0.3125,134.6939,0.0,1.25,25.5319,1.6071,4.8837,3.871,2.4621,0.14090573246111968,0.03343187033804147,3
0.3125,145.9184,0.9205,1.25,31.9149,1.875,3.9535,4.7581,0.3788,1.9006666666666667,0.33915404562921936,6
0.3125,151.5306,0.1023,1.25,92.5532,0.2679,1.5116,2.5,2.3485,0.22946063325584332,0.10769234331927462,3
0.3125,151.5306,0.4091,1.0714,89.3617,0.2679,3.8372,3.4677,0.303,0.06528986682525094,0.017616185850173587,3
0.3125,162.7551,0.6136,0.7143,35.1064,1.6071,4.8837,4.3548,0.5682,1.5521666666666665,0.38404031906385383,6
0.3125,162.7551,1.8068,0.8929,25.5319,1.3393,3.3721,4.2742,1.8561,1.7025000000000001,0.23935677693908447,4
0.3125,168.3673,1.0227,0.8929,6.383,1.6071,4.8837,2.9032,0.9848,1.0351666666666668,0.3651637532213003,6
0.3125,168.3673,1.2614,0.3571,51.0638,1.0714,4.7674,4.8387,2.1212,2.14175,0.4240647552752607,4
0.3125,173.9796,0.1023,1.25,3.1915,1.875,1.1628,1.129,2.197,0.906,0.09728052220254572,5
0.3125,173.9796,1.6023,1.0714,41.4894,1.3393,2.093,3.2258,1.8561,1.4346,0.3415996194377271,5
0.3125,179.5918,0.5795,0.8929,12.766,1.3393,2.093,3.871,1.25,1.9545000000000001,0.2564673468494577,6
0.3125,185.2041,0.8182,1.25,28.7234,1.6071,4.5349,4.6774,2.0455,2.585,0.5314307731649219,4
0.3125,185.2041,1.0227,0.5357,38.2979,1.6071,2.907,4.3548,1.7045,1.7813333333333334,0.3737425138603671,6
0.3125,190.8163,0.6477,1.25,25.5319,1.875,4.7674,4.4355,1.7045,1.401,0.17737953658751057,5
0.3125,190.8163,0.9545,0.8929,31.9149,1.3393,3.2558,3.3065,0.6818,1.1525,0.13911398204350275,6
0.3125,190.8163,1.8409,0.3571,12.766,1.875,3.1395,3.5484,1.2121,0.952,0.41008730777725855,6
0.3125,196.4286,1.6023,0.5357,6.383,1.875,3.0233,4.5968,1.3258,1.3324,0.12990111623846795,5
0.3125,202.0408,1.7386,0.1786,12.766,0.8036,0.4651,4.3548,1.0985,0.46399999999999997,0.16700059880132165,6
0.3125,207.6531,0.2727,0.5357,47.8723,1.6071,2.093,4.1935,2.2727,1.7114,0.5939615307408385,5
0.3125,207.6531,1.4318,0.8929,54.2553,1.875,1.7442,4.2742,2.0455,1.5186,0.8853540534723948,5
0.3125,207.6531,1.8068,0.5357,12.766,0.8036,4.6512,3.3065,1.7803,1.2131666666666667,0.4514223816634115,6
0.3125,213.2653,0.3409,0.1786,3.1915,1.875,2.2093,3.3871,0.1515,1.4556666666666667,0.6160531362363694,6
0.3125,213.2653,1.5341,1.25,25.5319,0.8036,4.8837,3.9516,2.1591,1.844833333333333,0.3801144126005573,6
0.3125,218.8776,1.5,1.25,60.6383,1.875,3.2558,4.9194,0.947,1.7393999999999998,0.7581964125475666,5
0.3125,224.4898,0.5455,0.8929,38.2979,1.875,2.3256,3.3065,2.0455,1.1052,0.240093106939787,5
0.3125,230.102,1.0909,0.3571,41.4894,1.0714,3.4884,2.5806,0.6061,0.8612567803788013,0.28470475820262897,3
0.3125,230.102,1.2955,1.25,82.9787,1.875,4.5349,4.9194,2.4242,1.8396000000000001,0.12057901973394872,5
0.3125,235.7143,0.7159,0.5357,134.0426,0.0,3.0233,5.0,0.8333,0.12277666648645767,0.012436838333338796,3
0.3125,235.7143,1.7386,1.0714,3.1915,0.2679,3.3721,5.0,1.2121,0.4404,0.06665808278071013,5
0.3125,241.3265,0.3068,0.8929,19.1489,1.875,2.907,4.3548,0.947,2.2136,0.9581971613399822,5
0.3125,241.3265,0.5455,0.1786,9.5745,0.8036,3.3721,4.4355,1.9697,1.532,0.5177315906915475,5
0.3125,246.9388,0.7841,0.3571,54.2553,1.3393,4.0698,4.5968,0.8712,1.3995,0.24699696354408884,6
0.3125,252.551,0.6818,0.5357,92.5532,1.3393,0.1163,0.0806,1.6667,0.0038384602908579334,0.0030296089700905444,3
0.3125,252.551,1.5,0.5357,63.8298,1.3393,2.7907,3.3871,2.3485,1.944,0.4979437719261081,4
0.3125,252.551,1.8068,0.7143,25.5319,1.875,2.4419,4.4355,0.6439,2.0509999999999997,0.4217102085555911,5
0.3125,258.1633,0.6477,1.0714,95.7447,1.875,2.2093,4.9194,1.9318,0.45683333333333337,0.26267045259538935,6
0.3125,258.1633,1.0227,0.1786,15.9574,1.3393,1.8605,3.7903,1.6288,1.6420000000000001,0.20842744540966773,5
0.3125,258.1633,1.2273,0.8929,47.8723,1.875,2.6744,4.7581,0.3409,1.5508,0.2080221142090427,5
0.3125,258.1633,1.8068,0.3571,28.7234,1.875,3.1395,4.5161,2.3485,1.48325,0.8563711714749237,4
0.3125,258.1633,1.875,1.25,57.4468,1.875,5.0,2.4194,2.3106,1.3588,0.20879583329175894,5
0.3125,263.7755,0.6136,0.7143,12.766,1.6071,2.7907,2.1774,1.7045,1.4395,0.7172164945119431,6
0.3125,263.7755,1.2955,1.25,6.383,1.3393,4.0698,4.9194,2.1212,2.2702,0.6018971672968729,5
0.3125,263.7755,1.4318,0.3571,67.0213,1.3393,3.9535,4.9194,1.6667,1.2842500000000001,0.35577275050233964,4
0.3125,263.7755,1.8068,1.0714,19.1489,1.6071,4.8837,4.9194,0.6439,2.4522,0.5649541574322645,5
0.3125,269.3878,0.4432,0.1786,22.3404,1.3393,1.0465,4.0323,1.0985,1.1780000000000002,0.25733732725743463,5
0.3125,269.3878,0.7159,0.5357,47.8723,1.6071,4.4186,3.9516,2.4621,2.121,0.4993921304946646,5
0.3125,269.3878,1.0909,0.7143,22.3404,1.875,2.093,2.9839,1.8939,1.4632,0.4263140860914637,5
0.3125,269.3878,1.5341,1.25,28.7234,1.875,4.8837,1.9355,0.6818,1.2124000000000001,0.5607359449865864,5
0.3125,275.0,0.1364,1.25,25.5319,1.0714,1.9767,4.9194,2.4242,1.4124,0.20470539807244947,5
0.3125,275.0,0.4432,0.8929,28.7234,1.6071,1.3953,4.2742,2.4621,2.70425,1.0356596529104851,4
0.3125,275.0,0.9205,1.0714,9.5745,1.3393,3.9535,4.4355,1.8561,2.4701999999999997,0.7436590915496458,10
0.3125,275.0,1.0227,0.7143,9.5745,1.875,4.7674,4.8387,2.2727,2.0808,0.9548045349703781,5
0.3125,275.0,1.7727,0.0,41.4894,0.5357,4.8837,2.4194,2.0455,0.42722243246652636,0.17496012179461,3
0.3125,275.0,1.7727,0.8929,67.0213,1.0714,2.093,4.5968,2.4242,1.682,1.1166094512705265,4
0.625,0.0,1.125,1.0714,47.8723,0.2679,0.4651,3.629,2.5,0.41186859130309433,0.036965227359495194,3
0.625,11.2245,1.2955,1.25,95.7447,1.875,4.0698,4.0323,0.0379,0.09841235515669221,0.008544035503945177,3
0.625,33.6735,1.5,1.25,134.0426,0.8036,4.7674,1.2903,2.4621,0.359,0.2817007868880265,4
0.625,44.898,0.9886,1.0714,134.0426,1.875,4.7674,4.8387,0.3409,0.014200500982141233,0.0033818444446198272,3
0.625,44.898,1.7045,0.7143,25.5319,1.0714,4.7674,2.5,1.9318,1.0289416301742633,0.40758402964992874,3
0.625,56.1224,0.9545,1.25,6.383,1.3393,3.9535,4.6774,1.9697,0.05633333333333334,0.023286619906432684,6
0.625,67.3469,0.2727,1.0714,140.4255,1.3393,4.186,3.871,0.1894,0.018885945468634566,0.006211423667012768,3
0.625,89.7959,0.2045,0.1786,28.7234,1.6071,0.6977,3.9516,1.4773,0.7783333333333333,0.14945857843117152,6
0.625,95.4082,1.3636,0.3571,3.1915,1.0714,1.7442,3.4677,2.4242,0.33116666666666666,0.1274588822588158,6
0.625,123.4694,1.6364,1.25,51.0638,1.6071,4.5349,2.0161,2.5,1.4065999999999999,0.31575750189029556,5
0.625,129.0816,1.2955,0.5357,54.2553,1.875,1.7442,3.1452,1.7045,1.2828333333333333,0.5006605303663019,6
0.625,129.0816,1.6705,0.7143,73.4043,0.0,0.2326,3.3871,2.2727,0.14851056928150533,0.03344485046338298,3
0.625,129.0816,1.7045,0.5357,95.7447,0.2679,1.2791,4.7581,2.0076,0.05481970049197169,0.030509318928127464,3
0.625,129.0816,1.875,1.25,73.4043,1.875,4.3023,3.9516,1.8182,1.807,0.18570765555930466,4
0.625,140.3061,0.7841,0.3571,130.8511,1.875,4.186,5.0,2.3106,0.84325,0.23365412472284755,4
0.625,140.3061,1.6023,0.5357,54.2553,1.875,3.6047,2.9839,1.5152,1.436,0.4958241623801728,6
0.625,145.9184,1.1932,0.8929,25.5319,0.2679,4.3023,0.8065,1.7424,0.13007514732118727,0.05467839878204585,3
0.625,145.9184,1.6023,1.25,3.1915,1.3393,4.6512,4.6774,0.4924,1.1872,0.16936853308687547,5
0.625,151.5306,0.7841,0.8929,134.0426,0.2679,5.0,2.3387,1.1742,0.032599881061793796,0.018892951357344194,3
0.625,157.1429,1.4318,0.8929,47.8723,1.6071,4.8837,4.0323,2.5,1.6969999999999998,0.29284552241753675,5
0.625,162.7551,1.7045,1.25,12.766,1.875,4.7674,4.9194,0.0379,1.6346,0.20048017358332465,5
0.625,173.9796,1.8409,1.0714,35.1064,1.0714,2.7907,4.5161,1.7045,2.041,0.46156992969646543,6
0.625,179.5918,0.5114,1.25,73.4043,1.0714,4.8837,2.8226,0.7197,0.5692274422879388,0.4730965039375332,3
0.625,190.8163,0.4091,0.8929,111.7021,0.0,3.6047,3.7903,1.5152,0.08691499522445083,0.010170278573869516,3
0.625,190.8163,0.8523,0.5357,150.0,0.2679,0.6977,1.9355,0.9848,0.0067578526247499,0.0010735702011934036,3
0.625,196.4286,0.6818,1.0714,6.383,0.8036,3.8372,4.7581,1.1742,1.344,0.19131126469708987,6
0.625,196.4286,1.1591,0.8929,70.2128,1.875,2.907,4.5161,2.1591,1.87,0.36977128065873355,6
0.625,207.6531,0.2386,1.0714,28.7234,0.8036,0.5814,4.0323,1.5909,0.765655691914005,0.2880664977942745,3
0.625,207.6531,1.0568,0.1786,19.1489,1.0714,4.186,4.3548,2.3485,2.0987999999999998,0.19171906530128924,5
0.625,213.2653,0.5114,0.8929,12.766,1.875,3.6047,3.2258,2.1212,1.4764,0.5119153250294427,5
0.625,213.2653,0.5795,0.1786,6.383,1.6071,2.3256,3.2258,0.5303,1.6463333333333334,0.23369609895474652,6
0.625,213.2653,1.7386,1.25,3.1915,1.875,3.6047,4.5161,1.1364,1.4464000000000001,0.13762739552865194,5
0.625,218.8776,0.2386,0.1786,19.1489,1.875,2.5581,4.9194,2.2348,1.9718,0.531204951031144,5
0.625,218.8776,0.5795,0.7143,3.1915,0.5357,4.4186,4.1129,0.0,0.7135751743525973,0.3378269897134515,3
0.625,224.4898,0.375,1.25,9.5745,1.6071,1.8605,2.8226,1.5152,1.9902000000000002,0.8712262622304265,5
0.625,224.4898,0.4773,0.0,130.8511,0.2679,3.9535,4.6774,2.4621,0.04970175343749437,0.02978779671165543,3
0.625,224.4898,1.1591,1.25,111.7021,1.6071,3.1395,2.9839,1.6288,0.4684183020670017,0.20446627754470778,3
0.625,224.4898,1.7386,0.0,70.2128,1.3393,4.186,0.2419,2.2727,0.11086482492656496,0.029411218096350236,3
0.625,230.102,0.2727,1.0714,47.8723,1.3393,3.1395,4.5161,0.6061,1.47075,0.6015653885212037,4
0.625,230.102,0.9886,0.1786,9.5745,1.6071,2.5581,2.9839,2.4621,1.63625,1.1772284895748433,4
0.625,235.7143,1.0568,1.25,25.5319,1.0714,3.0233,4.3548,1.1364,2.20175,0.4749458741091804,4
0.625,235.7143,1.4318,0.8929,9.5745,1.3393,4.8837,3.2258,2.4621,1.6285523778630775,0.9823906185158636,3
0.625,246.9388,1.2273,1.0714,41.4894,1.875,3.8372,2.7419,1.7045,1.4823333333333333,0.4825505845677391,6
0.625,252.551,0.2045,1.25,44.6809,1.875,3.6047,5.0,2.3485,1.5556,0.24340768270537397,5
0.625,258.1633,0.375,1.0714,12.766,1.875,2.3256,3.3871,2.2348,2.3970000000000002,0.7704427298638103,4
0.625,258.1633,1.0909,0.7143,19.1489,1.0714,0.1163,4.2742,0.7576,0.11083333333333334,0.027425657087236155,6
0.625,258.1633,1.6705,0.5357,15.9574,0.8036,1.8605,3.871,0.5682,1.046998612387594,0.11112466991209367,3
0.625,263.7755,0.0682,0.5357,47.8723,1.6071,2.7907,3.4677,0.6818,1.2596,0.12881498360051133,5
0.625,263.7755,0.6477,0.7143,9.5745,1.875,0.1163,4.5968,2.197,0.7534,0.1058881485341962,5
0.625,263.7755,0.7159,0.5357,12.766,1.6071,2.2093,3.4677,1.0606,1.6666666666666667,0.8534226776144789,6
0.625,263.7755,0.7841,1.25,3.1915,1.3393,2.3256,3.2258,0.7955,2.0134,0.3770879207824085,5
0.625,263.7755,1.0568,0.5357,31.9149,1.0714,3.2558,4.8387,1.5152,1.54325,0.37877994931094233,4
0.625,263.7755,1.2955,0.1786,41.4894,1.0714,4.3023,4.5161,2.4242,1.5824,0.4627005511127039,5
0.625,263.7755,1.6705,0.7143,38.2979,1.875,3.4884,3.7903,1.2121,1.7399999999999998,0.8652505417507693,5
0.625,269.3878,1.2614,0.7143,22.3404,1.6071,1.5116,3.7097,2.0833,1.9381999999999997,0.39091137102929097,5
0.625,269.3878,1.3295,0.5357,76.5957,1.6071,2.3256,4.7581,0.8333,0.5355,0.2317349779381611,6
0.625,269.3878,1.7386,0.1786,54.2553,1.875,1.1628,4.1935,2.4621,1.2774999999999999,0.2040040849264217,4
0.625,269.3878,1.7386,1.0714,9.5745,0.8036,0.3488,4.1935,2.4621,0.63425,0.3501165282207245,4
0.625,275.0,1.1591,0.1786,25.5319,1.875,1.3953,3.3871,2.4621,2.0942,0.4176669725989835,5
0.625,275.0,1.3636,1.25,82.9787,1.0714,2.4419,0.4839,2.3485,0.263790524589573,0.10071834389197476,3
0.8203,216.0714,1.4915,0.9375,99.734,1.3728,0.0,0.0,1.9886,0.0,0.0051715075252160465,3
0.8203,216.0714,1.4915,0.9375,99.734,1.3728,4.9855,4.9899,1.9886,1.0000000000000013,0.7025954179354076,3
0.9375,22.449,1.7386,1.25,9.5745,1.3393,4.0698,3.9516,1.553,0.19983333333333334,0.09797431636233378,6
0.9375,28.0612,0.8523,0.7143,82.9787,0.5357,1.0465,1.4516,2.1212,0.2162873258726643,0.11581063890799867,3
0.9375,28.0612,1.8068,0.8929,19.1489,0.5357,1.5116,5.0,0.6061,0.187273611937071,0.06612350091973039,3
0.9375,39.2857,0.7159,0.7143,67.0213,1.0714,4.8837,1.129,0.8712,0.2717197383359463,0.08030020402695677,3
0.9375,56.1224,0.8182,1.0714,47.8723,1.6071,0.5814,1.2097,2.0833,0.5235263376042963,0.3651386921043065,3
0.9375,84.1837,0.5455,0.3571,76.5957,0.8036,2.2093,4.5968,0.0379,0.19177884702023765,0.05088185616648331,3
0.9375,101.0204,1.3295,0.7143,35.1064,0.5357,2.7907,3.629,0.0379,0.36854625074336367,0.13561641495655058,3
0.9375,106.6327,1.6364,0.1786,70.2128,0.5357,3.9535,1.6935,0.3788,0.17112684939900155,0.14080074366871298,3
0.9375,112.2449,0.1023,0.0,67.0213,1.6071,4.3023,3.7097,0.1894,0.19943774666162098,0.08625394544894,3
0.9375,112.2449,0.7159,0.3571,15.9574,1.875,4.186,4.1129,0.8333,1.0316,0.509063159146289,5
0.9375,112.2449,1.2273,1.25,22.3404,1.875,4.3023,5.0,1.1742,1.7238333333333333,0.4981423156756175,6
0.9375,117.8571,0.0341,0.5357,57.4468,1.6071,1.9767,3.7097,2.0076,0.8109999999999999,0.13096411722300114,6
0.9375,117.8571,0.7159,0.3571,19.1489,1.6071,3.2558,0.9677,1.7045,0.2189364041015657,0.23682119233000812,3
0.9375,117.8571,1.2955,0.1786,31.9149,0.2679,2.907,2.6613,0.303,0.1218936404101566,0.02576131712404563,3
0.9375,123.4694,0.2045,0.7143,60.6383,0.8036,4.186,3.3871,0.7955,0.43744030563514796,0.1444578540245748,3
0.9375,123.4694,0.8864,1.25,28.7234,0.5357,2.2093,2.0968,0.4924,0.29332684579481366,0.0775532439170792,3
0.9375,123.4694,1.1591,0.8929,22.3404,0.8036,1.3953,0.1613,1.553,0.07794056693878287,0.024850497740317497,3
0.9375,134.6939,0.7159,0.3571,63.8298,0.2679,3.8372,2.9032,1.6667,0.06921843181777224,0.011679863442905659,3
0.9375,140.3061,0.8182,0.7143,89.3617,1.875,3.6047,3.871,2.197,1.3156,0.6723383076993308,5
0.9375,145.9184,1.7045,0.0,3.1915,1.0714,2.6744,2.5,0.1515,0.382963003009497,0.19993833894543,3
0.9375,151.5306,1.2273,0.1786,51.0638,1.6071,3.7209,4.9194,1.2879,1.34225,0.6442987790355237,4
0.9375,157.1429,1.8068,0.3571,12.766,1.6071,3.3721,4.9194,2.4621,1.1031666666666666,0.14614844052081663,6
0.9375,162.7551,0.1364,1.0714,35.1064,1.875,2.4419,4.7581,0.5682,2.224,0.645278751135249,4
0.9375,162.7551,1.1932,0.3571,86.1702,1.0714,0.814,2.6613,1.7803,0.7049251229929178,0.22664015602421472,3
0.9375,185.2041,0.5114,0.8929,6.383,1.875,3.3721,4.4355,1.3258,1.7408000000000001,0.3639254044443726,5
0.9375,185.2041,1.4318,1.25,44.6809,1.875,3.9535,4.7581,1.9318,1.984,0.2122251163269796,5
0.9375,185.2041,1.7386,0.8929,86.1702,0.5357,0.0,0.4839,2.1591,0.009064532987331267,0.003960632082476628,3
0.9375,190.8163,0.1705,0.5357,134.0426,1.0714,1.3953,2.3387,2.0455,0.14319439188336833,0.08109706073527803,3
0.9375,190.8163,0.6136,1.25,31.9149,1.6071,3.3721,4.9194,1.0227,1.8905999999999998,0.1915627834418784,5
0.9375,190.8163,1.0909,0.8929,3.1915,1.3393,3.6047,4.6774,1.7424,2.1975,1.2573666927352578,4
0.9375,190.8163,1.1591,0.5357,67.0213,1.3393,4.186,4.5968,2.5,2.66025,0.9498225711503526,4
0.9375,190.8163,1.5,0.1786,25.5319,1.875,4.6512,3.7097,0.7955,1.324,0.31391957568778667,5
0.9375,196.4286,1.2955,0.7143,28.7234,1.3393,3.2558,4.0323,0.3409,2.17225,0.6496683128079025,4
0.9375,196.4286,1.3977,0.5357,79.7872,1.3393,2.6744,4.6774,2.1212,2.47475,0.36121773212288466,4
0.9375,207.6531,0.0682,1.25,47.8723,1.6071,1.1628,4.3548,2.4242,1.38175,0.5781478328824443,4
0.9375,218.8776,0.5795,0.5357,73.4043,1.6071,3.2558,3.871,1.3258,1.8494,0.6014393568764851,5
0.9375,218.8776,1.2273,0.3571,9.5745,1.6071,2.7907,3.9516,2.1212,1.399,0.5774966666570467,6
0.9375,218.8776,1.3636,0.8929,22.3404,1.0714,3.2558,4.8387,1.5152,2.9845,1.1954805170585874,4
0.9375,224.4898,0.6136,0.3571,28.7234,1.875,0.814,4.5161,0.4924,1.1934999999999998,0.9623389908620211,4
0.9375,224.4898,0.9886,1.0714,15.9574,1.6071,2.4419,3.4677,0.3788,2.191,1.4614073126043037,4
0.9375,224.4898,1.5,0.5357,6.383,1.0714,5.0,4.5161,1.6667,1.61763168802148,0.4232288677207129,3
0.9375,224.4898,1.8068,1.25,76.5957,1.3393,2.6744,4.4355,1.7424,1.3185,0.721223266402298,4
0.9375,230.102,0.3409,0.3571,6.383,1.0714,2.4419,3.7097,2.3106,1.4398333333333333,0.253299361757322,6
0.9375,230.102,1.1932,0.3571,12.766,1.875,3.9535,4.5968,1.9697,1.86,0.4731294748797627,5
0.9375,235.7143,0.4432,0.5357,12.766,1.875,3.0233,4.0323,2.2348,1.6396000000000002,0.3915920070685815,5
0.9375,235.7143,0.7159,0.7143,28.7234,1.3393,3.0233,5.0,1.7803,1.8039999999999998,0.593258796816364,5
0.9375,235.7143,0.9886,1.25,60.6383,1.6071,2.6744,3.9516,2.2348,2.2256,0.2596464904442192,5
0.9375,241.3265,0.5455,0.7143,28.7234,1.6071,1.3953,4.9194,1.3258,2.1241999999999996,0.3204538968400914,5
0.9375,241.3265,0.9886,1.25,15.9574,1.6071,3.2558,4.8387,0.2652,1.984,0.653939981955531,5
0.9375,241.3265,1.5,0.1786,35.1064,1.3393,4.6512,3.871,2.0833,1.323,0.5044457354364293,5
0.9375,246.9388,0.6136,0.5357,15.9574,1.3393,3.0233,4.1129,0.2273,2.0423999999999998,0.7834058973482395,5
0.9375,246.9388,1.6364,0.0,38.2979,1.3393,0.2326,1.4516,0.2273,0.06779477753149164,0.027195927612034817,3
0.9375,246.9388,1.7045,1.25,28.7234,1.0714,5.0,3.3871,1.5152,2.0073999999999996,0.4313615652790592,5
0.9375,252.551,0.9545,0.0,25.5319,0.8036,2.093,3.3065,1.7803,1.57881458254492,0.357174619601981,3
0.9375,252.551,0.9886,1.25,12.766,1.0714,3.3721,4.9194,0.9091,2.52025,0.716125861842735,4
0.9375,252.551,1.0227,0.3571,19.1489,1.3393,2.2093,4.7581,1.8182,2.1512000000000002,1.0943734280399902,5
0.9375,258.1633,0.6818,0.8929,15.9574,0.5357,4.0698,4.5968,2.3485,1.0118333333333334,0.39064941657023716,6
0.9375,258.1633,0.8864,0.7143,9.5745,1.0714,4.4186,5.0,2.3106,2.228833333333333,0.31249410661109545,6
0.9375,263.7755,0.1364,0.3571,60.6383,1.875,2.3256,4.1935,1.7803,1.2515,0.31640743775497215,4
0.9375,263.7755,1.4659,1.0714,28.7234,1.6071,3.1395,4.1935,1.4394,2.2348,0.0948008438781007,5
0.9375,269.3878,0.2045,0.8929,86.1702,1.6071,4.5349,4.3548,1.9697,1.6515999999999997,0.24998759969246467,5
0.9375,269.3878,0.6818,0.0,146.8085,0.2679,1.6279,5.0,0.5303,0.0127768466958606,0.0021382739898283885,3
0.9375,269.3878,1.875,0.0,118.0851,0.2679,1.0465,0.3226,1.4773,0.022436070714169833,0.016223741249526902,3
0.9375,275.0,0.1023,0.5357,3.1915,1.6071,4.8837,4.2742,1.4773,0.9718,0.139925694566795,5
0.9375,275.0,1.6705,1.25,57.4468,0.8036,4.8837,4.8387,1.7803,1.7332,0.5969880233304516,5
1.25,0.0,1.0909,0.8929,102.1277,0.0,2.093,3.871,0.303,0.18840893117802868,0.01711293961473147,3
1.25,5.6122,0.375,0.0,47.8723,1.0714,4.0698,0.8871,2.1591,0.4894667603755563,0.0628436751676264,3
1.25,16.8367,0.7841,0.1786,86.1702,0.2679,1.0465,1.6935,0.5303,0.10888252148997157,0.011275220078952148,3
1.25,16.8367,1.2273,0.0,19.1489,0.5357,0.2326,3.1452,1.7045,0.186282460218774,0.025801789299121313,3
1.25,22.449,1.0909,0.1786,150.0,0.0,4.0698,4.1935,2.2727,0.13207547169811326,0.030612464724343143,3
1.25,50.5102,0.8523,0.1786,57.4468,1.0714,3.2558,2.0968,0.947,0.39606422663134566,0.1439149282447276,3
1.25,56.1224,0.2727,0.7143,124.4681,1.875,3.9535,0.4839,1.0985,0.015606134328089232,0.003926539181038505,3
1.25,56.1224,1.2614,0.1786,19.1489,1.875,0.6977,3.2258,1.0985,0.8540123623650683,0.09479001082137535,3
1.25,61.7347,1.7045,1.0714,118.0851,1.875,4.8837,1.2097,2.2727,0.8065999999999999,0.12623113720473247,5
1.25,95.4082,0.2386,1.25,79.7872,1.6071,3.3721,4.1935,2.2727,1.854,0.34775086867852195,4
1.25,95.4082,1.5682,0.7143,57.4468,0.0,4.6512,0.4839,0.8333,0.10212466886522163,0.02812567710674407,3
1.25,106.6327,0.4773,0.0,15.9574,1.3393,0.3488,5.0,0.2273,0.306698383521652,0.16583918458798697,3
1.25,112.2449,0.375,1.0714,6.383,1.6071,1.7442,3.4677,1.3636,0.5656666666666667,0.055261801152936274,6
1.25,117.8571,1.7045,0.8929,127.6596,1.3393,4.8837,4.5161,2.0833,1.008,0.24135589213165412,4
1.25,123.4694,1.5341,0.1786,35.1064,1.6071,4.7674,4.6774,0.7197,1.99325,0.31386130163922193,4
1.25,134.6939,0.3409,1.25,19.1489,1.875,2.6744,4.9194,1.8561,1.6085,0.32894665220974656,6
1.25,134.6939,1.7045,0.8929,25.5319,1.875,3.6047,3.7903,2.0833,1.5038,0.09281002101066459,5
1.25,140.3061,1.6364,0.1786,15.9574,1.3393,2.907,4.8387,1.0985,1.5408333333333333,0.2253889231232686,6
1.25,151.5306,0.4773,0.5357,9.5745,1.875,0.9302,4.5968,1.8561,1.58975,0.8008680186730728,4
1.25,151.5306,0.6477,0.1786,54.2553,1.6071,3.0233,4.2742,2.4242,2.013,1.0630987724571972,5
1.25,151.5306,1.6705,0.8929,98.9362,1.6071,5.0,4.9194,1.6288,2.0524,0.2321266895468938,5
1.25,157.1429,0.6818,0.3571,22.3404,1.6071,2.6744,4.0323,0.947,1.7219909534879534,0.60485774789594,3
1.25,157.1429,1.7386,0.5357,6.383,1.6071,1.2791,1.371,0.9091,0.6069092285235443,0.37425732127792904,3
1.25,173.9796,0.6818,0.8929,12.766,1.3393,1.9767,4.6774,2.4621,1.29875,1.1351127330211157,4
1.25,173.9796,0.9545,1.25,19.1489,1.875,2.3256,4.4355,1.9318,2.0032,0.9298471379748394,5
1.25,173.9796,1.0909,0.7143,105.3191,1.6071,0.4651,4.6774,2.5,0.4126666666666667,0.04183618848158456,6
1.25,173.9796,1.7386,0.5357,31.9149,1.875,2.093,5.0,1.0227,1.4636666666666667,0.30978358036969417,6
1.25,173.9796,1.8409,0.1786,9.5745,1.875,1.0465,3.2258,2.3864,1.20475,0.42884602909047276,4
1.25,179.5918,0.1364,0.3571,98.9362,1.875,4.4186,4.9194,1.5152,0.77925,0.766484779148723,4
1.25,179.5918,0.6136,0.7143,22.3404,1.3393,3.4884,4.8387,0.2273,2.1782,0.2262514088353928,5
1.25,179.5918,0.9205,0.5357,3.1915,0.8036,4.0698,4.5968,0.9848,0.9456,0.34964238873454684,5
1.25,179.5918,1.875,0.1786,95.7447,1.875,1.7442,3.7097,1.5152,0.5108333333333334,0.17722010796370333,6
1.25,185.2041,1.0568,1.25,134.0426,1.0714,4.7674,1.129,0.3409,0.0437728640680471,0.045619187347257555,3
1.25,185.2041,1.6705,0.5357,6.383,1.6071,4.0698,4.9194,1.3636,1.4696,0.1265337899535141,5
1.25,190.8163,0.375,0.3571,51.0638,1.3393,1.2791,4.1129,1.6288,1.5418333333333332,0.5088993679173386,6
1.25,190.8163,1.2955,0.1786,0.0,0.2679,4.8837,4.7581,2.3864,0.40723720963759896,0.0531049654490077,3
1.25,196.4286,0.1705,1.25,146.8085,0.8036,0.4651,1.6935,0.1515,0.0013876124056153,0.0008444882603564579,3
1.25,196.4286,1.2273,0.8929,54.2553,1.3393,4.5349,4.1129,1.8182,1.8416666666666668,1.0333651177907384,6
1.25,196.4286,1.5682,1.25,3.1915,1.875,2.5581,4.1935,1.3636,1.6771999999999998,0.24957103197286332,5
1.25,196.4286,1.875,1.25,57.4468,1.875,3.9535,3.9516,2.2348,2.146,0.3304005145274446,5
1.25,202.0408,0.0341,0.8929,9.5745,1.3393,1.8605,4.8387,1.0606,0.5865,0.07836878630339159,4
1.25,202.0408,0.9886,0.1786,44.6809,1.6071,2.907,2.5806,2.3864,1.7171666666666667,0.44497614168252514,6
1.25,202.0408,1.2955,1.25,9.5745,1.875,4.186,4.5968,2.3864,1.589,0.19034836484719272,5
1.25,207.6531,1.2273,1.25,25.5319,1.3393,4.0698,2.1774,1.553,1.5856,0.25943168657664,5
1.25,207.6531,1.6364,0.3571,54.2553,1.6071,4.0698,4.4355,0.8712,1.8552499999999998,0.7854049380202971,4
1.25,207.6531,1.6705,1.25,41.4894,1.3393,3.9535,3.2258,2.4242,1.8457999999999999,0.40485639429308745,5
1.25,213.2653,0.3409,0.7143,12.766,1.6071,3.1395,2.9839,2.2727,1.4422000000000001,0.2994122575981149,5
1.25,213.2653,0.8182,0.3571,22.3404,1.3393,4.5349,4.3548,1.553,1.5161666666666667,0.9182662830936715,6
1.25,218.8776,1.8068,0.8929,12.766,1.3393,5.0,2.7419,1.8939,1.4805,0.45759665645631636,6
1.25,218.8776,1.8409,0.5357,79.7872,1.6071,4.6512,3.0645,1.1364,1.74175,0.14361145497487302,4
1.25,224.4898,0.75,1.25,79.7872,1.3393,4.5349,3.871,1.25,1.5502,0.23219539185780586,5
1.25,224.4898,1.4659,0.8929,41.4894,1.6071,4.7674,4.2742,0.8333,2.034,0.3071384052833511,5
1.25,224.4898,1.8068,1.0714,102.1277,0.2679,5.0,3.3871,1.2879,0.025986195959705197,0.0016281797422690915,3
1.25,230.102,0.3068,0.1786,12.766,1.3393,2.093,2.5806,1.7045,1.6263999999999998,0.7398785711182612,5
1.25,230.102,0.3409,0.7143,15.9574,1.875,3.2558,3.2258,1.4773,1.551,0.875737784194942,4
1.25,230.102,0.4432,1.25,22.3404,1.875,3.7209,4.5161,1.4394,1.737,0.19603188516157255,5
1.25,230.102,0.8182,1.25,3.1915,1.0714,3.6047,3.9516,1.7045,1.2366,0.30854869955972913,5
1.25,235.7143,1.125,0.1786,25.5319,1.3393,1.0465,4.5161,2.1591,1.6618,0.7568941141269365,5
1.25,235.7143,1.5341,1.25,114.8936,1.0714,2.093,4.7581,2.3864,0.78425,0.12375883806823657,4
1.25,241.3265,0.4773,0.5357,15.9574,1.6071,2.093,5.0,1.2879,2.2424,0.5594079906472555,5
1.25,241.3265,1.1591,0.1786,22.3404,0.0,0.3488,3.0645,1.9318,0.35638211601881364,0.017345096560546478,3
1.25,241.3265,1.5682,0.5357,70.2128,0.0,0.5814,3.871,2.1591,0.21967526265520534,0.030109949906406,3
1.25,246.9388,0.0341,1.25,19.1489,1.6071,2.2093,2.9032,1.0985,0.45575,0.083312163977817,4
1.25,246.9388,0.4773,0.1786,54.2553,1.3393,3.7209,2.1774,1.8182,0.9743999999999999,0.47730001047559173,5
1.25,246.9388,0.7159,1.25,6.383,1.0714,4.4186,4.3548,0.0379,1.5954000000000002,0.21041221447435035,5
1.25,246.9388,0.75,0.1786,6.383,1.0714,1.3953,4.5161,1.7424,2.32475,0.959250879593029,4
1.25,246.9388,1.125,0.8929,28.7234,1.6071,3.6047,1.6935,2.5,0.7395,0.6601724522173481,4
1.25,246.9388,1.6023,0.7143,28.7234,1.6071,4.186,3.2258,1.0985,2.49975,0.28583488823678155,4
1.25,252.551,0.2727,1.0714,3.1915,1.875,3.1395,4.0323,0.5303,2.295,0.8419432878763273,5
1.25,252.551,0.7841,0.1786,44.6809,1.875,4.6512,2.6613,0.6439,1.3268333333333333,0.4904203978900823,6
1.25,252.551,1.0227,1.0714,15.9574,1.6071,2.093,3.629,1.8182,2.0504,0.1752463979658354,5
1.25,252.551,1.0568,1.0714,105.3191,1.6071,1.5116,1.8548,0.6061,0.16707213782415165,0.08513336354481824,3
1.25,252.551,1.4318,0.5357,73.4043,1.875,3.3721,4.2742,1.7803,1.4653333333333334,0.4771677552671248,6
1.25,258.1633,0.1705,0.7143,28.7234,0.8036,4.0698,4.4355,2.5,1.007,0.23773009906194043,6
1.25,263.7755,0.2727,1.25,67.0213,1.6071,3.0233,2.4194,2.197,1.611,0.6862590618709526,5
1.25,263.7755,0.75,0.5357,92.5532,0.0,3.7209,4.5968,1.2121,0.20641185057036268,0.024423553790530662,3
1.25,263.7755,1.125,0.1786,19.1489,1.6071,2.093,5.0,1.6288,1.9584,0.07932717062898434,5
1.25,263.7755,1.5341,1.0714,9.5745,1.3393,0.1163,0.4839,1.6667,0.16081887152871624,0.05949517040883609,3
1.25,269.3878,0.1023,0.3571,89.3617,1.6071,4.3023,4.6774,0.7955,0.9917999999999999,0.17349409211843497,5
1.25,269.3878,0.1023,1.25,35.1064,1.6071,2.6744,3.5484,0.3409,1.3321999999999998,0.7856912243368892,5
1.25,269.3878,0.1364,0.5357,28.7234,1.875,2.093,3.3065,1.7045,0.84675,0.7263641763376459,4
1.25,269.3878,0.4091,0.1786,9.5745,1.6071,0.3488,3.9516,1.6288,1.2955999999999999,0.10006148110037151,5
1.25,269.3878,1.125,0.5357,9.5745,1.6071,3.9535,2.6613,1.7424,1.5385,0.5089254365818239,6
1.25,275.0,0.1023,0.7143,76.5957,1.6071,4.8837,2.0968,2.2348,0.8676,0.3156775253324189,5
1.25,275.0,0.2045,0.7143,3.1915,1.0714,1.8605,4.7581,0.5303,1.842,0.45382816131218656,5
1.25,275.0,0.8182,0.7143,44.6809,1.6071,1.8605,4.7581,2.197,2.5026,0.35512293646003773,5
1.25,275.0,1.8409,1.25,114.8936,1.3393,1.1628,4.3548,1.8561,0.22625,0.1184212115008681,4
