mg_glutamate_mM,k_glutamate_mM,amino_acids_mM,spermidine_mM,pga_mM,ntps_mM,gfp11_colm_nM,gfp1_10_nM,peg8000_pct,yield_mean,yield_sd,n
0.0,0.0,0.0,0.0,7.5,0.375,1.98,4.98,2.0,1.4315,0.07954244150137718,4
0.0,0.0,0.0,0.0,37.5,1.875,4.98,4.98,2.5,0.7378,0.15244900786820492,5
0.0,0.0,0.0,0.25,0.0,1.125,1.98,1.002,1.0,1.9657499999999999,0.19138334131614831,4
0.0,0.0,0.0,0.25,0.0,1.125,6.0,4.02,1.0,1.87875,0.05928110997611286,4
0.0,0.0,0.0,0.75,0.0,0.375,1.002,4.02,0.5,1.4304999999999999,0.10071908127725024,4
0.0,0.0,0.375,0.0,7.5,1.125,4.02,6.0,0.5,1.61025,0.11210820665767511,4
0.0,0.0,0.3771,0.9996,37.3267,0.0,4.9791,4.9798,2.0008,0.32930731925,0.10244846294299842,4
0.0,0.0,0.7498,0.4998,22.6626,1.8572,6.0042,4.0202,0.5002,0.5268917104999999,0.12030064089072985,4
0.0,0.0,0.75,1.25,37.5,0.0,1.002,3.0,0.0,1.1115,0.013228756555322968,4
0.0,0.0,1.125,0.25,0.0,1.125,1.002,6.0,0.0,1.47375,0.06266511522902261,4
0.0,0.0,1.125,0.25,0.0,1.875,6.0,6.0,2.0,1.595,0.13127325190863018,4
0.0,0.0,1.4997,1.2376,37.3267,1.8572,1.977,4.0202,1.0004,0.48337978724999997,0.12220024520771444,4
0.0,0.0,1.875,0.0,7.5,0.75,4.98,1.002,2.5,1.25275,0.08139359106629135,4
0.0,20.0,0.0,1.2376,7.332,0.3714,1.977,6.0,1.5006,0.74305770625,0.08369250568900999,4
0.0,20.0,1.125,0.75,37.5,1.5,1.002,6.0,2.0,1.4934,0.5397594834738897,5
0.0,20.0,1.125,1.25,30.0,0.375,1.002,6.0,0.5,2.24375,0.214565258138404,4
0.0,20.0,1.5,1.25,37.5,0.375,1.002,6.0,0.0,1.399,0.18810103667975886,4
0.0,40.0,0.375,1.0,22.5,1.125,1.002,4.98,0.0,3.8434,0.9934235249882093,5
0.0,40.0,0.3771,0.0,22.6626,1.1143,4.9791,1.0,2.0008,0.13420047475,0.09409040831848732,4
0.0,40.0,1.5,1.25,22.5,0.75,1.98,6.0,1.0,3.301177790166667,2.2557433463371375,6
0.0,40.0,1.875,0.0,7.5,0.75,1.002,6.0,0.0,1.4735,0.1989715222504634,4
0.0,40.0,1.8767,0.238,22.6626,1.8572,1.0042,4.9798,0.5002,0.67082171975,0.481004097791813,4
0.0,40.0,1.8767,0.7616,14.9973,0.7429,6.0042,4.9798,1.5006,0.27286569650000003,0.11003849415523775,4
0.0,60.0,0.0,0.0,0.0,0.375,1.002,4.02,1.0,1.2530000000000001,0.10140348448976833,4
0.0,60.0,0.375,1.0,22.5,1.125,3.0,6.0,2.5,2.0126,0.19202682104331165,5
0.0,60.0,0.3771,0.9996,14.9973,0.0,4.0167,3.0,2.0008,0.1323423145,0.17623903932107715,4
0.0,60.0,0.7498,1.2376,14.9973,0.0,3.0021,1.9798,0.0,-0.01855579625,0.03618899146500539,4
0.0,60.0,1.1226,0.9996,14.9973,0.7429,4.0167,1.9798,1.5006,0.21588211000000002,0.16179544006988292,4
0.0,60.0,1.125,1.0,22.5,1.5,3.0,6.0,0.5,2.1805,0.2181169411118721,4
0.0,60.0,1.5,0.0,0.0,1.125,1.98,6.0,0.0,1.361,0.019407902170679444,4
0.0,60.0,1.5,0.75,37.5,0.75,1.98,6.0,2.5,3.4324,1.2599368238130038,5
0.0,80.0,0.375,1.25,37.5,1.875,1.98,4.02,0.5,1.468,1.3522357412818224,5
0.0,80.0,0.7498,0.238,0.0,0.3714,6.0042,3.0,2.501,0.88822648925,0.2705637474770408,4
0.0,80.0,0.75,0.75,37.5,1.875,6.0,6.0,1.0,1.3374000000000001,1.0965588447502488,5
0.0,80.0,0.75,1.25,30.0,0.75,6.0,6.0,0.0,1.4064,0.8755063106568679,5
0.0,80.0,1.5,0.5,30.0,1.125,1.002,6.0,1.0,5.1452,2.988743582176296,5
0.0,80.0,1.5,0.5,37.5,1.125,1.002,4.98,2.0,4.753,1.4140035360634715,5
0.0,80.0,1.875,0.0,37.5,0.75,1.98,6.0,0.5,0.93625,0.021313141485947068,4
0.0,80.0,1.8767,0.238,22.6626,0.0,1.0042,3.0,1.5006,0.0908433985,0.059419180869465224,4
0.0,80.0,1.8767,0.7616,0.0,1.1143,1.0042,3.0,2.0008,0.254206669,0.11541180830736156,4
0.0,100.0,0.375,1.0,37.5,1.875,4.98,4.98,2.0,1.1321999999999999,0.6308781181813172,5
0.0,100.0,0.7498,0.9996,7.332,1.1143,4.0167,1.9798,0.0,0.26311035425,0.1268360854981894,4
0.0,100.0,1.4997,0.238,7.332,1.4857,4.9791,6.0,1.5006,1.447765046,0.5612973728535587,4
0.0,100.0,1.5,0.0,30.0,1.125,4.02,6.0,2.0,1.4427229386666667,0.20579540698796783,6
0.0,100.0,1.5,0.75,37.5,1.5,1.98,6.0,0.5,5.610250000000001,0.8967286378832782,4
0.0,100.0,1.5,1.25,22.5,1.875,4.02,6.0,1.0,2.84825,0.28198034801501104,4
0.0,100.0,1.875,0.0,37.5,1.5,1.002,6.0,0.5,3.9852,2.3924536986115323,5
0.0,100.0,1.8767,0.9996,29.9947,1.4857,3.0021,4.0202,0.0,1.0319242285,0.7852355637768391,4
0.476,0.0,0.3771,1.2376,37.3267,1.1143,6.0042,4.0202,1.0004,0.610121813,0.09989500650232361,4
0.476,0.0,1.1226,0.7616,29.9947,0.7429,1.0042,6.0,2.0008,0.47037266475,0.2291810002578021,4
0.476,20.0,0.0,0.0,29.9947,0.3714,3.0021,1.0,0.0,0.53765355625,0.13673267752302481,4
0.476,20.0,1.1226,0.4998,0.0,1.8572,1.0042,1.0,0.0,0.3922525035,0.0837098367062259,4
0.476,20.0,1.1226,0.9996,7.332,0.3714,4.0167,6.0,1.0004,0.29284092100000003,0.08871779129302475,4
0.476,40.0,0.3771,1.2376,14.9973,1.8572,3.0021,3.0,0.5002,0.45635903775,0.275012203365428,4
0.476,40.0,0.7498,1.2376,29.9947,0.3714,4.9791,4.9798,0.5002,1.0656808092499999,0.4188027742446288,4
0.476,40.0,1.1226,0.0,14.9973,1.4857,1.977,1.0,1.0004,0.136136059,0.12408632506813803,4
0.476,40.0,1.8767,0.4998,7.332,1.4857,1.977,4.9798,0.0,1.61105089275,1.6644406282670483,4
0.476,60.0,0.0,0.4998,7.332,0.3714,4.9791,3.0,2.501,0.36298647650000004,0.17394946205521572,4
0.476,60.0,1.4997,0.7616,29.9947,0.0,3.0021,4.9798,0.0,0.30066067925,0.3734699144510603,4
0.476,80.0,1.4997,0.4998,29.9947,1.1143,1.977,4.9798,0.5002,2.108341076,1.3084983160604944,4
0.476,80.0,1.8767,1.2376,14.9973,0.7429,3.0021,1.0,2.501,0.09905027375,0.1181131554992587,4
0.476,100.0,0.3771,0.4998,29.9947,1.1143,4.0167,4.0202,0.5002,0.5272014039999999,0.4448582342421269,4
0.476,100.0,0.7498,0.0,0.0,1.1143,6.0042,1.9798,0.5002,0.45821719825,0.13331869369862,4
0.5,40.0,0.0,1.25,37.5,1.875,3.0,4.02,1.0,0.48719999999999997,0.21427482353277064,5
0.5,40.0,1.125,1.0,37.5,0.75,1.002,4.98,1.0,4.4634,1.780948146353509,5
0.5,40.0,1.875,1.25,15.0,0.75,1.98,4.98,0.0,1.1294167134000002,0.9348318964881622,6
0.5,60.0,0.375,1.0,37.5,1.125,1.002,6.0,0.5,4.9896,0.7125691545387015,5
0.5,60.0,0.75,1.0,30.0,1.875,1.002,6.0,0.5,5.0876,1.5436461058157076,5
0.5,60.0,0.75,1.25,37.5,1.875,1.002,6.0,0.5,5.642,2.322487674886564,5
0.5,60.0,1.125,0.5,30.0,1.875,4.02,4.98,0.5,0.9381999999999999,0.7729173306376304,5
0.5,60.0,1.125,0.75,37.5,1.5,3.0,6.0,0.5,5.9263881105,3.5255464697444823,6
0.5,60.0,1.5,0.5,37.5,1.125,1.002,6.0,2.5,6.6823999999999995,2.3555114731200097,5
0.5,60.0,1.5,1.25,30.0,0.75,1.002,6.0,1.0,5.5276,0.41040869873822133,5
0.5,60.0,1.875,0.75,30.0,1.5,1.98,3.0,1.0,0.6532178911833334,0.18016193077826054,6
0.5,80.0,0.375,1.0,22.5,1.5,1.98,6.0,0.0,2.8801,0.7587648515844682,10
0.5,80.0,1.125,0.5,30.0,1.875,1.002,6.0,0.0,1.43525,0.7235105965591196,4
0.5,80.0,1.125,1.0,30.0,1.5,1.002,4.02,1.5,3.8265213123,3.472495919899382,6
0.5,80.0,1.5,1.25,22.5,1.125,4.98,6.0,1.5,1.2799004487,1.1577704675431664,6
0.5,80.0,1.875,1.25,22.5,1.5,3.0,6.0,0.0,4.0065,1.2557944364690687,4
0.5,100.0,0.0,1.25,37.5,0.75,1.002,6.0,1.5,1.6712,0.36826987386969356,5
0.5,100.0,0.375,0.0,0.0,0.0,4.02,6.0,0.0,1.49225,0.32148133693886494,4
0.5,100.0,0.375,1.0,37.5,0.75,3.0,6.0,0.0,3.5420000000000003,2.5044403566465707,5
0.5,100.0,0.75,1.0,37.5,1.5,4.02,4.98,0.0,2.43,1.830806743851828,10
0.5,100.0,1.125,1.0,37.5,1.875,4.98,4.02,0.5,2.2052,1.4805275073432442,5
0.5,100.0,1.875,0.0,0.0,0.0,1.002,4.98,0.0,1.2555,0.046907710808920644,4
0.5,100.0,1.875,0.25,30.0,1.875,1.002,6.0,0.5,5.296,0.7571723713924063,5
0.5,100.0,1.875,0.5,37.5,1.875,1.98,6.0,0.0,0.98325,0.014198004554631381,4
0.5,100.0,1.875,0.75,30.0,0.75,1.002,6.0,2.0,4.5038,1.6614593585158801,5
0.9996,0.0,1.1226,0.7616,29.9947,0.3714,3.0021,4.9798,0.5002,0.3968979045,0.1347507694606372,4
0.9996,0.0,1.4997,0.0,29.9947,0.3714,4.9791,6.0,0.0,0.197145659,0.10802053084611377,4
0.9996,0.0,1.4997,0.7616,0.0,0.3714,6.0042,4.0202,0.5002,0.36345101675,0.12432158805107676,4
0.9996,20.0,0.0,0.7616,0.0,1.1143,4.9791,4.0202,2.0008,0.993444823,0.08450885551921132,4
0.9996,20.0,0.3771,0.7616,22.6626,0.0,3.0021,4.0202,2.0008,0.12638071625,0.07727512392591367,4
0.9996,20.0,0.7498,0.4998,7.332,0.7429,4.0167,1.9798,2.0008,0.4139310415,0.04805231893733661,4
0.9996,40.0,0.0,0.0,29.9947,0.7429,1.0042,1.9798,1.0004,0.0930886755,0.13093705583735438,4
0.9996,60.0,0.7498,0.9996,37.3267,0.0,4.0167,3.0,1.5006,0.2596263035,0.43317299513936,4
0.9996,60.0,1.8767,1.2376,29.9947,1.1143,1.0042,4.9798,1.0004,3.5532156500000003,2.4037116280890043,4
0.9996,80.0,0.0,1.2376,14.9973,0.3714,1.0042,4.0202,1.0004,0.29106018375000003,0.1882101202309315,4
0.9996,80.0,0.7498,1.2376,29.9947,0.0,1.977,1.0,0.0,-0.10139878175,0.07132205002919977,4
0.9996,80.0,1.1226,0.0,37.3267,1.8572,4.0167,1.9798,0.5002,0.33852069775,0.6822112625416822,4
0.9996,80.0,1.8767,0.4998,37.3267,0.0,4.9791,4.0202,1.0004,0.08565603375,0.07245959854733765,4
0.9996,100.0,0.0,0.0,29.9947,0.7429,4.9791,6.0,2.501,0.37127077524999996,0.1253786646412844,4
0.9996,100.0,1.1226,0.238,7.332,1.8572,3.0021,1.0,2.0008,0.12026427175,0.09948471778084762,4
0.9996,100.0,1.4997,0.238,0.0,1.4857,4.0167,1.0,2.0008,0.21890162075,0.16084361532917668,4
1.0,0.0,0.0,0.0,0.0,1.875,1.002,4.98,2.5,2.826,0.3469265051851762,4
1.0,40.0,0.375,1.0,22.5,1.5,1.002,6.0,0.0,3.9629999999999996,0.7112439806423673,5
1.0,60.0,1.5,1.25,22.5,1.875,1.98,6.0,1.5,3.6846000000000005,0.8306761101656891,5
1.0,60.0,1.875,0.0,30.0,1.875,4.02,6.0,2.5,1.7186,0.5637089674645951,5
1.0,60.0,1.875,0.25,37.5,1.125,1.002,4.98,1.5,4.0802,1.2037519262705252,5
1.0,60.0,1.875,1.25,15.0,0.75,1.002,6.0,1.0,1.2109856983166667,0.9287807955382728,6
1.0,60.0,1.875,1.25,30.0,0.0,4.02,6.0,0.0,1.22275,0.1965,4
1.0,80.0,0.0,0.5,37.5,1.875,1.002,4.02,0.5,0.3984,0.3273099448534982,5
1.0,80.0,0.75,0.75,37.5,1.875,1.002,4.98,2.0,3.01325,0.4280477971753466,4
1.0,80.0,1.125,0.5,37.5,1.5,3.0,6.0,2.0,4.235200000000001,1.465971759618854,5
1.0,80.0,1.125,1.0,37.5,0.75,1.98,4.98,0.0,5.0158000000000005,1.5177867768563542,5
1.0,80.0,1.5,0.5,30.0,1.875,6.0,6.0,1.5,1.5190689848999999,0.6161831667893443,6
1.0,80.0,1.5,0.5,37.5,1.5,1.98,6.0,1.5,5.4521,2.1553304180823667,10
1.0,80.0,1.5,1.0,30.0,1.5,1.98,4.98,2.0,3.630748738083333,3.3142488768122957,6
1.0,80.0,1.875,1.25,37.5,1.125,1.98,6.0,2.5,4.3964,1.8577082117490895,5
1.0,100.0,0.0,0.75,37.5,0.75,1.002,6.0,2.5,1.3404,0.3668409737202211,5
1.0,100.0,0.375,0.75,37.5,1.125,1.98,6.0,1.5,4.4676,0.27605216898260376,5
1.0,100.0,0.375,1.0,37.5,0.75,1.98,6.0,0.0,5.3598,1.4106532883738656,5
1.0,100.0,1.125,0.0,15.0,0.75,1.98,6.0,0.0,2.8845695456500002,1.4778254718106016,6
1.0,100.0,1.125,1.0,30.0,1.125,3.0,6.0,0.0,5.4266000000000005,1.133168919446699,5
1.0,100.0,1.5,0.75,30.0,0.0,1.002,6.0,1.5,0.3178280987733333,0.47240768735287175,6
1.0,100.0,1.5,1.25,22.5,0.75,1.98,4.98,0.5,4.355510375833333,2.1549104136078645,6
1.0,100.0,1.875,0.0,7.5,1.875,3.0,6.0,0.0,1.2395,0.2493264259292758,4
1.0,100.0,1.875,0.0,37.5,1.125,1.98,4.98,0.0,3.0789999999999997,4.72489132150148,5
1.0,100.0,1.875,1.0,30.0,1.875,1.002,4.02,0.0,4.1845,1.6627754909588168,4
1.0,100.0,1.875,1.0,37.5,1.5,3.0,4.98,1.0,4.8934,0.7601281470910024,5
1.5,0.0,1.125,1.25,37.5,1.875,1.98,6.0,1.0,0.38782950084999995,0.13297221592131672,6
1.5,20.0,1.5,1.25,30.0,1.125,3.0,4.98,1.0,1.1240185080833334,0.6554547690672622,6
1.5,40.0,0.0,0.5,37.5,1.125,1.002,6.0,0.0,1.082,0.18351385052178854,4
1.5,40.0,0.375,0.75,37.5,1.875,1.98,6.0,0.5,2.923583847333333,1.0687570416951757,6
1.5,40.0,1.5,1.0,37.5,1.875,1.002,6.0,2.5,6.425,2.1713995486782256,5
1.5,40.0,1.875,1.25,30.0,1.875,4.02,4.02,0.5,0.7907669658333334,1.1768289990722094,6
1.5,60.0,0.375,0.75,30.0,1.5,4.98,6.0,0.5,0.6712,0.42208435175921893,5
1.5,60.0,1.125,0.5,30.0,1.125,1.002,6.0,2.0,4.2738,1.6381287189961602,5
1.5,60.0,1.5,0.0,30.0,1.125,1.002,4.98,0.5,1.9194,0.7844891968663431,5
1.5,80.0,0.75,1.25,30.0,0.75,1.98,6.0,2.0,4.4265,0.5262562747052683,4
1.5,80.0,1.125,0.25,37.5,1.125,3.0,4.98,1.5,2.901219854245,3.9348474690494633,6
1.5,80.0,1.5,0.5,15.0,1.875,1.002,4.98,1.0,2.5692,1.4620072503240191,5
1.5,80.0,1.5,1.0,15.0,1.5,1.98,4.98,1.5,1.4630538417333332,1.503816420418055,6
1.5,80.0,1.875,0.5,22.5,1.875,3.0,6.0,1.5,2.6192,0.5446537432167341,5
1.5,80.0,1.875,0.75,37.5,1.125,3.0,4.02,1.5,1.2582725742933334,1.3743516965726759,6
1.5,80.0,1.875,1.0,37.5,1.5,1.002,4.98,2.0,4.732200000000001,0.7329612540919201,5
1.5,100.0,0.0,0.25,37.5,1.875,1.002,4.98,1.5,1.1522000000000001,0.9669791621332903,5
1.5,100.0,0.375,0.0,37.5,1.875,1.002,1.98,0.0,-0.006199999999999999,0.02682722497762301,5
1.5,100.0,0.375,1.0,30.0,1.875,1.002,6.0,1.5,4.4670000000000005,0.9198285166268767,5
1.5,100.0,0.75,1.0,30.0,0.75,1.002,4.98,0.5,4.7012,1.2471554433990977,5
1.5,100.0,0.75,1.25,7.5,1.5,1.98,6.0,1.0,1.0570316881833333,0.45280849390928296,6
1.5,100.0,0.75,1.25,37.5,1.125,1.002,4.98,1.0,3.5763999999999996,1.3312386337542943,5
1.5,100.0,1.125,1.25,22.5,0.75,4.02,6.0,1.0,3.0229248454833333,2.4153297225652945,6
1.5,100.0,1.125,1.25,37.5,0.75,1.002,4.98,2.0,6.5409999999999995,3.3610702908448675,5
1.5,100.0,1.5,1.0,37.5,1.875,1.98,6.0,1.5,4.513999999999999,1.0659577852804492,4
1.5,100.0,1.875,1.25,22.5,1.875,3.0,4.02,2.0,0.7862450925000001,0.826937011847179,6
1.5232,0.0,0.7498,1.2376,22.6626,1.4857,6.0042,1.0,0.0,0.5588675545,0.1675465878617996,4
1.5232,0.0,1.8767,0.9996,7.332,1.4857,3.0021,6.0,0.0,0.31862289675,0.15162425805183688,4
1.5232,20.0,0.3771,0.9996,37.3267,0.3714,6.0042,4.0202,1.5006,0.41594404875,0.21846499026657984,4
1.5232,20.0,1.1226,0.9996,29.9947,1.4857,4.0167,1.9798,2.501,0.2384897285,0.0848651752997233,4
1.5232,40.0,0.3771,0.7616,22.6626,0.0,1.977,1.9798,2.0008,-0.031485495749999995,0.05480960819599979,4
1.5232,60.0,0.0,0.9996,7.332,1.8572,1.977,3.0,1.0004,0.44033240425,0.17990361461071044,4
1.5232,60.0,0.7498,0.0,14.9973,0.7429,6.0042,4.9798,0.0,0.30677712425000003,0.30995285658924543,4
1.5232,60.0,0.7498,0.4998,14.9973,0.3714,6.0042,4.9798,0.5002,0.351295551,0.1089454853699749,4
1.5232,80.0,0.0,1.2376,0.0,0.3714,3.0021,3.0,1.5006,0.5198461855,0.13074500312967138,4
1.5232,80.0,0.3771,0.0,7.332,1.4857,1.977,3.0,2.501,0.43646123675000004,0.09270546718645822,4
1.5232,80.0,0.3771,0.0,37.3267,1.4857,4.9791,1.9798,1.0004,0.14473005075,0.16107868157135716,4
1.5232,80.0,0.7498,0.7616,7.332,0.7429,4.0167,6.0,1.5006,0.44923608975,0.12887100669185225,4
1.5232,100.0,0.7498,0.4998,29.9947,0.7429,3.0021,4.9798,1.0004,1.5598740580000001,0.8866558196412492,4
1.5232,100.0,1.4997,0.238,0.0,1.4857,3.0021,1.9798,1.0004,0.15804686675000001,0.05467645587898488,4
1.5232,100.0,1.8767,0.4998,22.6626,1.8572,1.0042,4.0202,2.501,0.4072726335,0.43955873124776723,4
1.9992,0.0,1.1226,0.238,14.9973,0.0,1.0042,4.9798,1.5006,0.74646433375,0.27251717371043327,4
1.9992,0.0,1.4997,0.7616,14.9973,0.3714,1.0042,4.9798,1.5006,0.807938474,0.17233698213863796,4
1.9992,0.0,1.4997,0.7616,22.6626,1.1143,1.977,1.0,1.0004,0.54826055575,0.18798313065210281,4
1.9992,20.0,0.3771,0.0,22.6626,0.7429,4.0167,3.0,2.501,0.3828068545,0.07538490237192012,4
1.9992,20.0,0.3771,1.2376,22.6626,1.8572,1.977,6.0,2.501,0.8375141942500001,0.34953973758538603,4
1.9992,20.0,1.4997,0.238,7.332,0.3714,1.0042,3.0,1.5006,0.1187158045,0.07918184662233137,4
1.9992,20.0,1.8767,0.0,14.9973,1.8572,1.977,3.0,0.0,0.45674615475,0.1986968196959726,4
1.9992,40.0,1.8767,0.4998,22.6626,0.7429,4.0167,1.9798,1.0004,0.2938474245,0.3799676397235115,4
1.9992,60.0,0.0,0.238,0.0,1.4857,6.0042,1.9798,0.5002,0.272323733,0.10573599817811206,4
1.9992,60.0,1.1226,0.0,22.6626,1.8572,6.0042,4.0202,0.0,0.267291215,0.2870160510191041,4
1.9992,60.0,1.4997,0.4998,22.6626,1.1143,4.9791,6.0,1.0004,2.04113760725,0.5036254339258694,4
1.9992,60.0,1.8767,0.4998,14.9973,1.1143,4.0167,1.9798,2.0008,0.062506452,0.10885080683194885,4
1.9992,80.0,0.0,0.9996,37.3267,0.7429,1.977,1.0,1.5006,0.15812429025,0.15044244989012023,4
1.9992,80.0,1.1226,0.7616,0.0,1.8572,1.977,1.0,1.5006,0.3062351605,0.08859414806752532,4
1.9992,80.0,1.4997,0.9996,29.9947,1.4857,0.0,0.0,2.0008,1.6666666889190532e-10,0.09204506144203281,6
1.9992,80.0,1.4997,0.9996,29.9947,1.4857,6.0042,6.0,2.0008,1.0,0.46374920453171437,6
1.9992,100.0,0.0,0.238,0.0,0.7429,6.0042,6.0,2.0008,0.57845566225,0.12227164680196984,4
1.9992,100.0,0.0,0.238,7.332,0.0,1.0042,6.0,2.501,0.36043150625,0.06452656123584988,4
2.0,0.0,1.125,1.25,37.5,0.75,1.002,4.98,0.0,1.2565,0.03270575892204107,4
2.0,0.0,1.5,0.75,37.5,0.75,1.002,4.98,1.0,0.4238993269833333,0.12668892200937532,6
2.0,20.0,1.125,0.5,37.5,1.5,3.0,6.0,1.0,2.0180874931666666,1.8281135412640872,6
2.0,20.0,1.875,0.5,37.5,1.125,1.002,6.0,2.0,2.63075,0.747610136813745,4
2.0,40.0,1.125,0.75,37.5,1.875,1.002,6.0,1.5,5.3554,0.828204564102372,5
2.0,40.0,1.5,1.0,37.5,1.5,3.0,4.98,2.0,2.7826346044,2.7570568354356544,6
2.0,40.0,1.875,1.25,37.5,0.375,1.002,6.0,2.5,5.0436,1.1279358581054157,5
2.0,60.0,0.0,0.5,37.5,1.875,4.02,6.0,0.0,0.3848,0.3855848804089704,5
2.0,60.0,0.375,1.25,37.5,1.125,1.002,4.98,1.5,6.2808,1.9339577813385689,5
2.0,60.0,0.75,1.25,30.0,1.5,1.002,6.0,1.0,4.9521999999999995,0.7517071903341084,5
2.0,60.0,1.875,0.5,30.0,0.75,1.98,6.0,1.0,2.9219999999999997,0.4079027661914869,4
2.0,60.0,1.875,1.0,37.5,1.875,3.0,4.02,0.5,2.6816811553999997,1.6929707214960386,6
2.0,80.0,0.375,0.25,15.0,1.875,1.002,4.98,0.5,2.0216000000000003,0.12653181418125642,5
2.0,80.0,0.75,0.5,15.0,1.125,1.002,6.0,2.0,1.1285053280333333,0.41831714574432444,6
2.0,80.0,0.75,1.0,30.0,1.125,1.98,6.0,2.0,4.5195,1.006513950888577,4
2.0,80.0,1.125,0.5,37.5,0.75,4.02,6.0,2.5,3.31625,0.12718326671906677,4
2.0,80.0,1.5,0.5,37.5,0.375,3.0,6.0,2.5,4.78125,0.14438692230715852,4
2.0,80.0,1.5,1.0,37.5,0.75,1.98,6.0,1.0,7.692,2.791263393757983,4
2.0,80.0,1.875,0.0,30.0,1.5,6.0,6.0,2.0,1.9603196860666667,1.7267164582040089,6
2.0,80.0,1.875,0.75,30.0,0.375,3.0,4.98,1.5,3.2043255748166666,3.3275066193707885,6
2.0,80.0,1.875,1.0,30.0,0.75,4.02,6.0,1.0,4.567197139666667,1.9269536214244858,6
2.0,80.0,1.875,1.0,37.5,0.375,3.0,6.0,0.5,5.7484,0.40670542165060936,5
2.0,80.0,1.875,1.25,15.0,0.75,1.98,1.98,0.0,0.5334408300333334,0.5347902284867895,6
2.0,80.0,1.875,1.25,37.5,1.875,6.0,4.98,0.0,3.3628,1.4071846716049745,5
2.0,100.0,0.75,0.0,15.0,1.875,1.98,6.0,0.5,1.3388,0.6993895195096935,5
2.0,100.0,0.75,0.25,37.5,1.875,1.002,6.0,2.0,5.1368,1.3549711067030177,5
2.0,100.0,0.75,1.0,30.0,1.5,3.0,6.0,0.5,4.7628,0.9264821638866018,5
2.0,100.0,1.125,0.25,7.5,1.5,4.02,6.0,0.5,1.3949453168166668,1.5409458355395949,6
2.0,100.0,1.125,0.75,37.5,0.75,6.0,6.0,1.5,3.2305,0.1623627625616991,4
2.0,100.0,1.125,1.0,30.0,1.875,1.002,4.02,2.0,4.0942,3.1576303931904377,5
2.0,100.0,1.5,0.75,37.5,0.375,3.0,6.0,2.0,5.56975,1.3824172971043633,4
2.0,100.0,1.5,1.0,22.5,0.375,1.002,6.0,0.0,4.6106,1.9355444453693127,5
2.0,100.0,1.5,1.0,37.5,1.5,4.98,6.0,1.0,5.0518,1.0033046396782983,5
2.0,100.0,1.5,1.0,37.5,1.875,1.98,4.98,2.5,4.5847999999999995,1.393458000802321,5
2.0,100.0,1.875,0.0,37.5,1.875,1.002,4.98,1.5,4.6888670785,3.6069516565137407,6
2.0,100.0,1.875,0.5,22.5,1.5,1.002,6.0,1.0,6.968311834366666,4.225755490626461,6
2.0,100.0,1.875,0.5,37.5,0.75,1.002,4.98,0.5,4.37525,1.5331363007465013,4
2.0,100.0,1.875,1.0,22.5,1.125,3.0,4.02,0.0,2.7292484575333336,1.8469942962367925,6
2.4752,0.0,0.3771,0.9996,22.6626,1.1143,4.9791,3.0,0.5002,0.6870806235,0.2792598194621967,4
2.4752,0.0,1.4997,0.238,29.9947,1.1143,1.0042,1.0,2.501,0.47432125525,0.16014420776685498,4
2.4752,0.0,1.4997,0.9996,0.0,0.0,1.977,4.0202,0.0,0.37026427149999996,0.27698370142726125,4
2.4752,20.0,0.0,0.4998,37.3267,1.4857,3.0021,4.9798,0.5002,1.1191803447500002,0.1414919312006736,4
2.4752,20.0,1.1226,0.238,14.9973,1.4857,6.0042,4.0202,2.0008,0.25985857349999997,0.09213621676088908,4
2.4752,40.0,0.3771,1.2376,0.0,1.8572,1.0042,1.0,2.0008,0.6444977805,0.17332861765668883,4
2.4752,40.0,0.7498,0.7616,37.3267,0.0,6.0042,1.0,1.5006,-0.08738515525,0.0870051083955713,4
2.4752,40.0,1.1226,0.9996,37.3267,0.0,4.9791,3.0,2.501,-0.06377103349999999,0.11489788722624811,4
2.4752,40.0,1.4997,0.0,0.0,1.4857,4.9791,4.9798,2.501,0.3415402085,0.0600488506540319,4
2.4752,40.0,1.4997,0.238,37.3267,1.8572,3.0021,1.0,2.501,0.03842779,0.06283107291351765,4
2.4752,40.0,1.8767,1.2376,37.3267,1.4857,1.0042,1.9798,0.5002,1.6026117475,2.1445534009281624,4
2.4752,60.0,0.7498,0.7616,0.0,0.0,3.0021,3.0,0.0,0.09951481375,0.04174853936247307,4
2.4752,80.0,0.0,0.4998,37.3267,0.7429,4.9791,6.0,1.0004,0.36848353475,0.11788991047815885,4
2.4752,100.0,0.0,0.9996,7.332,1.1143,4.9791,6.0,2.501,0.6526272325,0.15802195074021913,4
2.4752,100.0,1.1226,0.0,14.9973,0.7429,4.0167,6.0,2.0008,2.32504903475,2.0412176010827943,4
2.5,0.0,0.0,0.0,0.0,1.125,6.0,1.002,2.5,3.1029999999999998,0.4285697142822859,4
2.5,0.0,0.0,0.5,7.5,0.375,4.02,1.002,0.0,2.20175,0.13785348502425807,4
2.5,0.0,0.0,0.75,7.5,0.75,6.0,1.002,2.5,2.6397500000000003,0.1324949684579254,4
2.5,0.0,0.0,1.0,30.0,0.375,1.002,4.02,1.0,1.4635,0.051163137771902366,4
2.5,0.0,1.5,0.5,30.0,0.75,1.98,6.0,0.0,0.6059660684166667,0.12863681677689257,6
2.5,0.0,1.5,1.0,30.0,1.875,3.0,6.0,1.5,0.49600392595,0.18501442348172195,6
2.5,40.0,0.75,0.75,22.5,1.5,3.0,4.98,0.0,2.307382221,2.1573253404583523,6
2.5,40.0,1.125,1.25,37.5,1.125,3.0,6.0,0.5,4.5468,1.3772678388752133,5
2.5,40.0,1.5,0.5,30.0,1.875,1.002,4.02,1.0,2.3018,1.2398428126177932,5
2.5,40.0,1.875,1.25,15.0,1.875,1.002,4.02,2.0,0.2707164890583333,0.25534845133364203,6
2.5,60.0,0.375,0.75,37.5,1.125,1.98,4.98,2.5,2.1765999999999996,0.45422604504805736,5
2.5,60.0,0.375,1.0,30.0,1.5,1.002,6.0,0.5,4.9566,1.252672463176229,5
2.5,60.0,0.75,0.25,30.0,0.75,1.002,6.0,0.5,2.086,0.3463322104569541,4
2.5,60.0,0.75,1.0,37.5,1.5,1.002,6.0,0.0,5.1434,1.0766676831780544,5
2.5,60.0,1.125,0.75,37.5,0.75,1.002,4.98,1.5,5.575,0.439926130162781,5
2.5,60.0,1.5,0.0,37.5,0.0,1.98,6.0,1.0,0.3253996074091667,0.44614677126309493,6
2.5,60.0,1.5,0.0,37.5,0.75,1.002,4.02,1.0,1.3708987660333334,1.12373194827481,6
2.5,60.0,1.5,0.75,37.5,0.75,1.002,6.0,1.5,4.1488,3.0085311532374064,5
2.5,60.0,1.5,1.0,30.0,0.75,4.98,4.02,0.0,2.2557487381,1.4183093469840595,6
2.5,60.0,1.875,0.0,30.0,1.5,4.02,4.98,1.0,2.3475182278333335,3.519604114840273,6
2.5,60.0,1.875,0.25,22.5,0.75,1.98,6.0,0.0,2.2359999999999998,1.0584653985841956,5
2.5,60.0,1.875,1.25,7.5,0.75,4.02,4.98,0.5,0.0405916993885,0.04533567552549778,6
2.5,80.0,0.0,1.0,30.0,1.875,3.0,4.98,0.5,0.9286,0.408080016663399,5
2.5,80.0,0.75,0.75,30.0,1.875,1.002,6.0,0.5,4.8073999999999995,0.6080652103187616,5
2.5,80.0,0.75,1.25,22.5,0.75,1.002,6.0,2.0,2.7538,0.6721656789810082,5
2.5,80.0,1.125,1.0,22.5,0.75,1.002,6.0,0.5,5.7234,0.38077329213063255,5
2.5,80.0,1.5,0.5,30.0,1.5,1.002,6.0,0.5,5.436,0.877594439362511,4
2.5,80.0,1.5,0.75,37.5,1.875,4.02,4.98,1.0,3.5828,1.3707987452576686,5
2.5,80.0,1.5,1.25,37.5,1.5,4.98,4.02,0.0,3.9577,3.2273480358406412,10
2.5,80.0,1.875,0.5,37.5,1.5,3.0,6.0,0.5,4.75375,1.4247550374245623,4
2.5,80.0,1.875,0.75,30.0,1.5,4.98,4.98,0.0,2.7325,0.5190122028109421,4
2.5,80.0,1.875,0.75,37.5,1.5,1.002,4.98,1.0,5.269,0.8922379167015936,5
2.5,80.0,1.875,0.75,37.5,1.5,4.98,4.98,0.0,4.4122,1.1039536675060238,5
2.5,80.0,1.875,1.0,22.5,1.125,1.002,6.0,2.5,2.7800000000000002,0.22256534620945229,4
2.5,100.0,0.375,1.0,30.0,1.125,1.002,6.0,0.0,7.59975,1.771673290987929,4
2.5,100.0,0.375,1.25,22.5,0.0,1.002,6.0,0.0,2.4370000000000003,0.5439172731215658,4
2.5,100.0,0.75,0.0,7.5,1.5,4.02,6.0,1.5,0.5597307908,0.23325109975238412,6
2.5,100.0,0.75,0.5,37.5,0.375,1.002,4.98,2.5,4.2448,1.5166839486194876,5
2.5,100.0,0.75,0.75,37.5,1.125,1.98,4.02,0.0,5.2602,0.7792087011834506,5
2.5,100.0,0.75,0.75,37.5,1.5,1.98,4.02,2.0,3.6458,1.5357555795112707,5
2.5,100.0,0.75,1.0,30.0,0.0,1.98,4.98,0.0,2.23575,0.3260515041114415,4
2.5,100.0,1.125,0.25,37.5,1.125,1.002,4.02,2.5,2.7946,1.9369756838948702,5
2.5,100.0,1.125,0.25,37.5,1.875,3.0,6.0,1.0,4.6874,1.3868248988246499,5
2.5,100.0,1.125,0.75,37.5,1.875,1.98,6.0,1.0,7.383,1.5588258401758677,5
2.5,100.0,1.5,0.0,15.0,1.875,1.002,3.0,0.5,1.3694,1.1269160572110062,5
2.5,100.0,1.5,0.0,30.0,1.875,1.002,6.0,2.0,5.1734,1.1809118510710273,5
2.5,100.0,1.5,0.5,0.0,1.125,1.98,4.98,0.0,0.2450224341,0.07516073471177913,6
2.5,100.0,1.5,0.5,37.5,1.875,1.98,4.98,1.5,6.860200000000001,2.7127747234151234,5
2.5,100.0,1.5,0.75,30.0,1.125,1.002,4.98,1.0,5.5633062255,3.4463426774730572,6
2.5,100.0,1.875,0.0,15.0,0.375,6.0,6.0,1.5,0.4974761637666667,0.2632251377872103,6
2.5,100.0,1.875,0.75,30.0,1.5,3.0,3.0,0.0,3.3082000000000003,2.296305428775149,10
2.5,100.0,1.875,1.25,22.5,1.125,3.0,3.0,1.5,0.6322910825166667,0.3805748442870055,6
2.5,100.0,1.875,1.25,37.5,1.875,4.02,4.02,0.0,2.5547999999999997,1.5630613231732144,5
