hela_lysate_X,accessory_proteins_X,reaction_mix_X,hibit_colm_X,yield_mean,yield_sd,n
0.0,0.4625,0.0,0.5781,0.0002075,0.0010105237915721396,4
0.0197,0.4625,0.2921,0.2312,-0.0006875,1.7078251276599305e-05,4
0.0394,0.185,0.3408,0.2312,-2.4999999999999998e-05,0.0002577466456296441,4
0.0984,0.555,0.4382,0.4625,0.0022225,0.003678870977170396,4
0.1181,0.2775,0.4382,0.6167,0.0010674999999999999,0.0007123844935613538,4
0.1181,0.74,0.1947,0.3854,0.01245,0.006524195991333593,4
0.1378,0.37,0.4868,0.0385,0.0069875,0.00507750841128468,4
0.1574,0.37,0.6816,0.3854,0.0010975,0.0007731914381315922,4
0.1574,0.74,0.0974,0.7323,0.00038,0.0006671831332800113,4
0.1771,0.925,0.7789,0.4625,0.0004125,0.0009343223926104592,4
0.1968,0.4625,0.1947,0.6938,0.050644999999999996,0.05790394373442969,4
0.2165,0.555,0.6816,0.5396,0.0031825,0.0011202492282226008,4
0.2165,0.8325,0.5355,0.6167,0.011955,0.008826439448233548,4
0.2165,0.925,0.6816,0.6552,0.0038475000000000002,0.00354704924315033,4
0.2362,0.0925,0.3408,0.3083,0.0273675,0.016141694200630448,4
0.2362,0.2775,0.8276,0.6552,0.00473,0.005897779243071073,4
0.3149,0.6475,0.4868,0.3083,0.21579,0.21508595816556692,4
0.3346,0.555,0.5842,0.6167,0.2706825,0.3220800948392599,4
0.3346,0.6475,0.5355,0.925,0.137625,0.0824286068870106,4
0.3739,0.0925,0.0974,0.6552,0.0016575000000000001,0.003256197936244048,4
0.4133,0.6475,0.1461,0.8094,0.034565,0.045176799724342284,4
0.4527,0.185,0.0487,0.0771,-0.00038,0.0002835489375751565,4
0.4527,0.37,0.925,0.0,-0.0006425000000000001,2.0615528128088274e-05,4
0.4527,0.74,0.6329,0.5781,0.8834474999999999,0.47103258311748814,4
0.4723,0.8325,0.7303,0.1156,0.6374375,0.5436135278777255,4
0.492,0.0925,0.3895,0.8865,0.06357,0.007907165526702136,4
0.492,0.4625,0.4868,0.0,-2.4999999999999964e-06,0.00027047797199279157,4
0.492,0.4625,0.4868,0.3854,1.0349275,0.36190714586064754,4
0.492,0.4625,0.4868,0.4972,0.7498175,0.5830824204389977,4
0.492,0.8325,0.6816,0.501,1.18075,0.8136057091736758,4
0.492,0.925,0.6816,0.5396,1.0305775,0.2519799436959219,4
0.5117,0.74,0.6329,0.5396,1.6047500000000001,0.8521578003319966,4
0.5117,0.74,0.6816,0.3469,1.7303333333333335,0.3388514915613231,3
0.5314,0.4625,0.7789,0.5396,0.861,0.3960580765493869,4
0.5511,0.74,0.7789,0.6938,0.7239999999999999,0.266786431439082,3
0.5707,0.74,0.8276,0.3083,0.74975,0.7525230339774768,4
0.5904,0.2775,0.3408,0.5781,0.18142,0.054563148736120434,4
0.6101,0.555,0.7303,0.1927,1.7143333333333333,0.5406887582827419,3
0.6101,0.6475,0.6816,0.8479,1.7265,0.23246003240700686,4
0.6101,0.74,0.5355,0.7323,1.534,0.45885727628533907,4
0.6101,0.8325,0.0,0.5396,-0.0006975,9.574271077563401e-06,4
0.6101,0.8325,0.6329,0.424,1.6375,0.49825395131398603,4
0.6298,0.0,0.8276,0.7708,0.0572725,0.0210676740924732,4
0.6298,0.2775,0.3408,0.3854,0.16508,0.16657690296076463,4
0.6298,0.4625,0.5355,0.5781,1.2595,0.2869198494353431,4
0.6298,0.555,0.5842,0.4625,1.21775,0.756131547197091,4
0.6298,0.555,0.7303,0.5781,0.9984999999999999,0.595152921525216,4
0.6298,0.74,0.6329,0.501,1.8090000000000002,0.5695629903706876,4
0.6298,0.8325,0.8276,0.3469,0.9105000000000001,0.842884135968086,4
0.6495,0.0,0.925,0.925,0.041432500000000004,0.037269108186271376,4
0.6495,0.4625,0.6816,0.3469,1.9753333333333334,0.5494818771655104,3
0.6495,0.555,0.8276,0.424,1.4045,0.4345982819416876,4
0.6495,0.8325,0.8276,0.1927,1.387,0.9595561473931581,4
0.6691,0.0,0.2434,0.0,-0.0003625,0.000334003492995707,4
0.6691,0.555,0.5842,0.7708,1.8820000000000001,0.564404110544918,4
0.6691,0.555,0.7303,0.3469,1.5979999999999999,0.9851720661894549,4
0.6691,0.555,0.8276,0.3083,0.80975,1.0640295656919814,4
0.6691,0.74,0.3408,0.4625,0.30857999999999997,0.15328163121087493,4
0.6691,0.74,0.6329,0.424,1.93,0.22176714514703622,4
0.6691,0.8325,0.8763,0.3083,0.19674999999999998,0.1655140980903641,4
0.6888,0.555,0.7303,0.424,1.923,0.29077482697097407,4
0.6888,0.6475,0.6816,0.6986,1.6917975,0.1570557903793002,4
0.6888,0.74,0.5842,0.6167,2.2435,0.2690161085635332,4
0.6888,0.74,0.8276,0.3854,0.6002500000000001,0.7811151750328929,4
0.7085,0.0925,0.8276,0.0771,0.458945,0.3154863093173247,4
0.7085,0.555,0.5842,0.5781,2.0862499999999997,0.27101460600245625,4
0.7085,0.555,0.7303,0.5396,1.99675,0.8063958395229974,4
0.7085,0.6475,0.6329,0.2312,1.8719999999999999,0.1801721399106976,4
0.7085,0.6475,0.6816,0.8094,2.249,0.00608276253029818,3
0.7085,0.6475,0.6816,0.8865,1.59475,1.0707758480030574,4
0.7085,0.74,0.7303,0.5781,1.8715,0.6074825100362972,4
0.7282,0.4625,0.6329,0.3854,1.619,0.21933687940395863,4
0.7282,0.555,0.8276,0.1542,0.8887499999999999,0.9696402683469783,4
0.7282,0.555,0.8276,0.3854,1.22925,1.1906327099487903,4
0.7282,0.6475,0.4868,0.8094,1.5586666666666666,0.3913877020721695,3
0.7282,0.6475,0.7303,0.1927,1.328,0.5746952815768255,4
0.7282,0.74,0.5355,0.6938,1.3407499999999999,0.22070247695332595,4
0.7282,0.74,0.7789,0.424,1.59275,0.3640195736495498,4
0.7479,0.0,0.5355,0.5396,0.0611,0.028237161094321554,4
0.7479,0.2775,0.5355,0.925,0.4718825,0.12622962446140237,4
0.7479,0.4625,0.6816,0.6167,1.45025,0.310012230941512,4
0.7479,0.6475,0.0487,0.7708,0.0002575,0.000795,4
0.7479,0.6475,0.6816,0.6552,1.896,0.19374725804511406,2
0.7479,0.8325,0.2921,0.8865,0.562245,0.2981968714904076,4
0.7676,0.185,0.7789,0.3083,0.5512625,0.3769884516688365,4
0.7676,0.37,0.6816,0.4625,1.216,0.5179768334587949,3
0.7676,0.555,0.8763,0.6552,1.18925,0.7978560333794562,4
0.7676,0.8325,0.6329,0.2312,0.64075,0.557200367910862,4
0.7872,0.4625,0.7303,0.3469,1.835,0.4370270777270748,4
0.7872,0.4625,0.8276,0.3083,1.09175,0.8622244004124835,4
0.7872,0.8325,0.2434,0.925,0.23772500000000002,0.2538445309633438,4
0.7872,0.925,0.1947,0.1542,0.00387,0.005864543176298275,4
0.8069,0.185,0.3895,0.0771,0.01811,0.008093499449146417,4
0.8069,0.37,0.7789,0.5396,0.9107500000000001,0.7693466383887045,4
0.8069,0.555,0.0,0.1156,-0.0007,2.160246899469288e-05,4
0.8069,0.6475,0.7303,0.1542,1.93775,0.21578287698517698,4
0.8266,0.555,0.6816,0.6938,1.4689999999999999,0.14990663761154813,2
0.8266,0.8325,0.6816,0.6938,0.7049775,0.7187257160361431,4
0.8266,0.8325,0.6816,0.7323,0.9954999999999999,0.7639208074139623,4
0.8463,0.2775,0.2434,0.5781,0.0334225,0.0162443536344171,4
0.8463,0.4625,0.8276,0.3469,1.6203333333333332,1.2641164239631306,3
0.8463,0.4625,0.8763,0.6938,0.50125,0.4962159308204443,4
0.8463,0.74,0.8763,0.5396,0.39725,0.328779941602282,4
0.866,0.4625,0.6816,0.3469,1.807,0.7154942347776115,4
0.866,0.4625,0.8763,0.1542,1.49225,0.8346549686347448,4
0.866,0.6475,0.5355,0.4625,0.94025,0.4485735725608454,4
0.866,0.74,0.7303,0.4625,0.9335,0.5670775961012744,4
0.8856,0.555,0.8763,0.3083,1.3744999999999998,0.8972719766046413,4
0.8856,0.74,0.8763,0.3083,1.07975,1.06181585817253,4
0.8856,0.8325,0.5355,0.6938,0.811,0.4022246470154044,4
0.8856,0.8325,0.8763,0.8961,0.1930775,0.23673964072724843,4
0.9053,0.8325,0.0,0.3469,-0.0005925,0.00012365947867699694,4
0.925,0.4625,0.925,0.8479,0.5601875000000001,0.33175096667781795,4
0.925,0.555,0.0974,0.8479,0.001085,0.001992828810175793,4
0.925,0.925,0.6329,0.6552,1.3170125,0.1191547921473017,4
0.984,0.925,0.9737,0.7708,0.06472,0.08933124611989543,4
